-- MySQL dump 10.13  Distrib 8.0.19, for Win64 (x86_64)
--
-- Host: localhost    Database: cujiware
-- ------------------------------------------------------
-- Server version	8.0.37

/*!40101 SET @OLD_CHARACTER_SET_CLIENT=@@CHARACTER_SET_CLIENT */;
/*!40101 SET @OLD_CHARACTER_SET_RESULTS=@@CHARACTER_SET_RESULTS */;
/*!40101 SET @OLD_COLLATION_CONNECTION=@@COLLATION_CONNECTION */;
/*!50503 SET NAMES utf8mb4 */;
/*!40103 SET @OLD_TIME_ZONE=@@TIME_ZONE */;
/*!40103 SET TIME_ZONE='+00:00' */;
/*!40014 SET @OLD_UNIQUE_CHECKS=@@UNIQUE_CHECKS, UNIQUE_CHECKS=0 */;
/*!40014 SET @OLD_FOREIGN_KEY_CHECKS=@@FOREIGN_KEY_CHECKS, FOREIGN_KEY_CHECKS=0 */;
/*!40101 SET @OLD_SQL_MODE=@@SQL_MODE, SQL_MODE='NO_AUTO_VALUE_ON_ZERO' */;
/*!40111 SET @OLD_SQL_NOTES=@@SQL_NOTES, SQL_NOTES=0 */;

--
-- Table structure for table `_prisma_migrations`
--

DROP TABLE IF EXISTS `_prisma_migrations`;
/*!40101 SET @saved_cs_client     = @@character_set_client */;
/*!50503 SET character_set_client = utf8mb4 */;
CREATE TABLE `_prisma_migrations` (
  `id` varchar(36) COLLATE utf8mb4_unicode_ci NOT NULL,
  `checksum` varchar(64) COLLATE utf8mb4_unicode_ci NOT NULL,
  `finished_at` datetime(3) DEFAULT NULL,
  `migration_name` varchar(255) COLLATE utf8mb4_unicode_ci NOT NULL,
  `logs` text COLLATE utf8mb4_unicode_ci,
  `rolled_back_at` datetime(3) DEFAULT NULL,
  `started_at` datetime(3) NOT NULL DEFAULT CURRENT_TIMESTAMP(3),
  `applied_steps_count` int unsigned NOT NULL DEFAULT '0',
  PRIMARY KEY (`id`)
) ENGINE=InnoDB DEFAULT CHARSET=utf8mb4 COLLATE=utf8mb4_unicode_ci;
/*!40101 SET character_set_client = @saved_cs_client */;

--
-- Dumping data for table `_prisma_migrations`
--

LOCK TABLES `_prisma_migrations` WRITE;
/*!40000 ALTER TABLE `_prisma_migrations` DISABLE KEYS */;
INSERT INTO `_prisma_migrations` VALUES ('15719913-1471-426a-a83e-23ed8cd45414','1c1f8c19af02024fb3af235564b00e153c9adcebacf3b3aaab3702bc3964cd52','2025-06-06 12:31:21.187','20250606123121_add_last_remember_date',NULL,NULL,'2025-06-06 12:31:21.120',1),('2cd8c2d7-3d0f-4db5-a5f4-113e047a6e82','392007deb7c6e8a4459fedd3ac97bdd945cc7c0e31b18d203cf706d9cfe58666','2025-06-04 00:24:09.769','20250604002409_update_reset_token_fields',NULL,NULL,'2025-06-04 00:24:09.717',1),('31d65563-3c6c-47cc-b41e-aa1e355f48b4','3680c2b774e93c34957283d8991b7fb63ebafe5270949d41466d16a9f45fa2f0','2025-06-02 19:27:52.289','20250602192750_init_plugin_versions',NULL,NULL,'2025-06-02 19:27:50.459',1),('4432c35f-7964-4351-9736-03d12bc25a6a','bd2759523e1896a008629ff8791b2fd3c85dc7aaf1bbeaa3223b25ec4eee44d5','2025-06-04 00:19:51.140','20250604001950_add_reset_password_fields',NULL,NULL,'2025-06-04 00:19:50.505',1),('46dc4582-89af-41f8-8101-deb274c433da','a75ce3bf3ef40f3ebef695357003743a6a3d90e459c5858966a8150fd724a03b','2025-06-04 03:57:24.739','20250604035724_add_license_count_to_plan',NULL,NULL,'2025-06-04 03:57:24.672',1);
/*!40000 ALTER TABLE `_prisma_migrations` ENABLE KEYS */;
UNLOCK TABLES;

--
-- Table structure for table `license`
--

DROP TABLE IF EXISTS `license`;
/*!40101 SET @saved_cs_client     = @@character_set_client */;
/*!50503 SET character_set_client = utf8mb4 */;
CREATE TABLE `license` (
  `id` varchar(191) COLLATE utf8mb4_unicode_ci NOT NULL,
  `membership_id` varchar(191) COLLATE utf8mb4_unicode_ci NOT NULL,
  `status` enum('ACTIVE','INACTIVE','REVOKED') COLLATE utf8mb4_unicode_ci NOT NULL,
  `last_reset` datetime(3) DEFAULT NULL,
  `created_at` datetime(3) NOT NULL DEFAULT CURRENT_TIMESTAMP(3),
  `updated_at` datetime(3) NOT NULL,
  PRIMARY KEY (`id`),
  KEY `License_membership_id_idx` (`membership_id`),
  KEY `License_status_idx` (`status`),
  CONSTRAINT `License_membership_id_fkey` FOREIGN KEY (`membership_id`) REFERENCES `membership` (`id`) ON DELETE RESTRICT ON UPDATE CASCADE
) ENGINE=InnoDB DEFAULT CHARSET=utf8mb4 COLLATE=utf8mb4_unicode_ci;
/*!40101 SET character_set_client = @saved_cs_client */;

--
-- Dumping data for table `license`
--

LOCK TABLES `license` WRITE;
/*!40000 ALTER TABLE `license` DISABLE KEYS */;
INSERT INTO `license` VALUES ('00a8b8d6-aa20-4a47-af0f-eb93660e1471','cmbhegue800074ifkwzfwc6h6','ACTIVE',NULL,'2025-06-04 03:40:41.312','2025-06-04 03:40:41.312'),('04192638-8aaf-4b08-a8ff-bf977643b9b7','cmbnt10ih002f141828e6dkpl','ACTIVE',NULL,'2025-06-08 15:14:54.041','2025-06-08 15:14:54.041'),('07da81e9-722b-4138-b027-80ef0b0db122','cmbll40bt000f2wmiyea5dwhh','ACTIVE',NULL,'2025-06-07 01:57:44.489','2025-06-07 01:57:44.489'),('0ae81b27-9742-4af9-9f58-c73b743b8293','cmbll3zsp000c2wmilk5tff23','ACTIVE',NULL,'2025-06-07 01:57:43.801','2025-06-07 01:57:43.801'),('0b873b5f-3edc-461c-806a-202f8851d788','cmbmrdzdz00117pl7g9n6b9ja','ACTIVE',NULL,'2025-06-07 21:41:13.704','2025-06-07 21:41:13.704'),('170a9760-6f91-4a33-9418-d2de48218a32','cmbhd4nlt0001onuu0r2fuh99','ACTIVE',NULL,'2025-06-04 03:03:13.025','2025-06-04 03:03:13.025'),('1c3bcac2-d209-410a-b23c-0ca07f97bed0','cmbld0zyt0009sxcejh4czxt2','ACTIVE',NULL,'2025-06-06 22:11:27.126','2025-06-06 22:11:27.126'),('1cfb923e-c6fa-4823-a151-3cef9815d7d1','cmbnt0yxr001m1418giwld7ox','ACTIVE',NULL,'2025-06-08 15:14:51.999','2025-06-08 15:14:51.999'),('23ed274b-d1e0-4396-988b-a1ec0771b8b4','cmbnt0zz900261418ptxw530b','ACTIVE',NULL,'2025-06-08 15:14:53.350','2025-06-08 15:14:53.350'),('280b8d4d-ba8c-4ffb-9f99-a128a0c7af8a','cmbnt0wbq000e1418nkemggwn','ACTIVE',NULL,'2025-06-08 15:14:48.614','2025-06-08 15:14:48.614'),('299f7067-d300-44fa-b257-577f9b054a07','cmbfih545000619c34s1aot3u','ACTIVE',NULL,'2025-06-02 19:57:21.318','2025-06-02 19:57:21.318'),('2a5dafab-eec4-433f-abb5-c90aa0e910d1','cmbmrg61c00177pl7vddclbwm','ACTIVE',NULL,'2025-06-07 21:42:55.632','2025-06-07 21:42:55.632'),('2b135d07-ff46-4de2-8832-169844c28f8b','cmbmres9z00147pl7tb86j1ls','ACTIVE',NULL,'2025-06-07 21:41:51.143','2025-06-07 21:41:51.143'),('2b4a486e-59c6-4af9-8ffb-d05bec320271','cmbnt0x9m000t1418etclcuyc','ACTIVE',NULL,'2025-06-08 15:14:49.835','2025-06-08 15:14:49.835'),('2bf6475c-fcc0-49cb-8a5e-1ec9f7b073a2','cmbnt0zt7002314182oa4f51s','ACTIVE',NULL,'2025-06-08 15:14:53.132','2025-06-08 15:14:53.132'),('2bf6475c-fcc0-49cb-8a5e-1ec9f7b073a3','cmbnt0zt7002314182oa4f51s','ACTIVE',NULL,'2025-06-08 15:14:53.132','2025-06-08 15:14:53.132'),('2bf6475c-fcc0-49cb-8a5e-1ec9f7b073ae','cmbnt0zt7002314182oa4f51s','ACTIVE',NULL,'2025-06-08 15:14:53.132','2025-06-08 15:14:53.132'),('30f28685-4722-4071-b224-e8eda554c646','cmbi4s33d0001kvvxgulk77k1','ACTIVE',NULL,'2025-06-04 15:57:15.815','2025-06-04 15:57:15.815'),('3d34f5ee-bdc1-42c9-b3b5-d4fd4de659a7','cmbi4s33d0001kvvxgulk77k1','ACTIVE',NULL,'2025-06-04 15:57:15.815','2025-06-04 15:57:15.815'),('3daf40eb-224a-4bc2-a09f-e7b955f924ab','cmbnt0xga000x1418v2k4fg9f','ACTIVE',NULL,'2025-06-08 15:14:50.075','2025-06-08 15:14:50.075'),('409e4839-6e8c-4200-9a16-d16eeae07a84','cmbhdbrq1000donuuwoyy6sa6','ACTIVE',NULL,'2025-06-04 03:08:44.953','2025-06-04 03:08:44.953'),('40cc73ff-b207-4fac-8da4-54c8fcf7a204','cmbnt106400291418e5i5cme4','ACTIVE',NULL,'2025-06-08 15:14:53.597','2025-06-08 15:14:53.597'),('4131dd8e-5294-43a1-976e-b89858187d8b','cmbnt0zgk001w14189lwdg7bm','ACTIVE',NULL,'2025-06-08 15:14:52.676','2025-06-08 15:14:52.676'),('4259631f-0d51-4960-ae12-7ad9d3a43b28','cmbhewgso000i4ifk65o1d6dg','ACTIVE',NULL,'2025-06-04 03:52:50.184','2025-06-04 03:52:50.184'),('43402eb3-69b5-4a29-ae12-1d6f3cd98463','cmbnt0x31000q14183ylpv9lb','ACTIVE',NULL,'2025-06-08 15:14:49.598','2025-06-08 15:14:49.598'),('49560b50-1596-4a2f-8623-8c586e57e600','cmbnt0w4j000a1418aalgb5si','ACTIVE',NULL,'2025-06-08 15:14:48.355','2025-06-08 15:14:48.355'),('49560b50-1596-4a2f-8623-8c586e57e601','cmbnt0w4j000a1418aalgb5si','ACTIVE',NULL,'2025-06-08 15:14:48.355','2025-06-08 15:14:48.355'),('49560b50-1596-4a2f-8623-8c586e57e602','cmbnt0w4j000a1418aalgb5si','ACTIVE',NULL,'2025-06-08 15:14:48.355','2025-06-08 15:14:48.355'),('49560b50-1596-4a2f-8623-8c586e57e603','cmbnt0w4j000a1418aalgb5si','ACTIVE',NULL,'2025-06-08 15:14:48.355','2025-06-08 15:14:48.355'),('49560b50-1596-4a2f-8623-8c586e57e604','cmbnt0w4j000a1418aalgb5si','ACTIVE',NULL,'2025-06-08 15:14:48.355','2025-06-08 15:14:48.355'),('49560b50-1596-4a2f-8623-8c586e57e605','cmbnt0w4j000a1418aalgb5si','ACTIVE',NULL,'2025-06-08 15:14:48.355','2025-06-08 15:14:48.355'),('49560b50-1596-4a2f-8623-8c586e57e606','cmbnt0w4j000a1418aalgb5si','ACTIVE',NULL,'2025-06-08 15:14:48.355','2025-06-08 15:14:48.355'),('49560b50-1596-4a2f-8623-8c586e57e607','cmbnt0w4j000a1418aalgb5si','ACTIVE',NULL,'2025-06-08 15:14:48.355','2025-06-08 15:14:48.355'),('49560b50-1596-4a2f-8623-8c586e57e608','cmbnt0w4j000a1418aalgb5si','ACTIVE',NULL,'2025-06-08 15:14:48.355','2025-06-08 15:14:48.355'),('49560b50-1596-4a2f-8623-8c586e57e609','cmbnt0w4j000a1418aalgb5si','ACTIVE',NULL,'2025-06-08 15:14:48.355','2025-06-08 15:14:48.355'),('49560b50-1596-4a2f-8623-8c586e57e610','cmbnt0w4j000a1418aalgb5si','ACTIVE',NULL,'2025-06-08 15:14:48.355','2025-06-08 15:14:48.355'),('49560b50-1596-4a2f-8623-8c586e57e611','cmbnt0w4j000a1418aalgb5si','ACTIVE',NULL,'2025-06-08 15:14:48.355','2025-06-08 15:14:48.355'),('49560b50-1596-4a2f-8623-8c586e57e612','cmbnt0w4j000a1418aalgb5si','ACTIVE',NULL,'2025-06-08 15:14:48.355','2025-06-08 15:14:48.355'),('49560b50-1596-4a2f-8623-8c586e57e613','cmbnt0w4j000a1418aalgb5si','ACTIVE',NULL,'2025-06-08 15:14:48.355','2025-06-08 15:14:48.355'),('49560b50-1596-4a2f-8623-8c586e57e614','cmbnt0w4j000a1418aalgb5si','ACTIVE',NULL,'2025-06-08 15:14:48.355','2025-06-08 15:14:48.355'),('49560b50-1596-4a2f-8623-8c586e57e615','cmbnt0w4j000a1418aalgb5si','ACTIVE',NULL,'2025-06-08 15:14:48.355','2025-06-08 15:14:48.355'),('49560b50-1596-4a2f-8623-8c586e57e616','cmbnt0w4j000a1418aalgb5si','ACTIVE',NULL,'2025-06-08 15:14:48.355','2025-06-08 15:14:48.355'),('49560b50-1596-4a2f-8623-8c586e57e617','cmbnt0w4j000a1418aalgb5si','ACTIVE',NULL,'2025-06-08 15:14:48.355','2025-06-08 15:14:48.355'),('49560b50-1596-4a2f-8623-8c586e57e618','cmbnt0w4j000a1418aalgb5si','ACTIVE',NULL,'2025-06-08 15:14:48.355','2025-06-08 15:14:48.355'),('49560b50-1596-4a2f-8623-8c586e57e619','cmbnt0w4j000a1418aalgb5si','ACTIVE',NULL,'2025-06-08 15:14:48.355','2025-06-08 15:14:48.355'),('49560b50-1596-4a2f-8623-8c586e57e620','cmbnt0w4j000a1418aalgb5si','ACTIVE',NULL,'2025-06-08 15:14:48.355','2025-06-08 15:14:48.355'),('49560b50-1596-4a2f-8623-8c586e57e621','cmbnt0w4j000a1418aalgb5si','ACTIVE',NULL,'2025-06-08 15:14:48.355','2025-06-08 15:14:48.355'),('49560b50-1596-4a2f-8623-8c586e57e622','cmbnt0w4j000a1418aalgb5si','ACTIVE',NULL,'2025-06-08 15:14:48.355','2025-06-08 15:14:48.355'),('49560b50-1596-4a2f-8623-8c586e57e623','cmbnt0w4j000a1418aalgb5si','ACTIVE',NULL,'2025-06-08 15:14:48.355','2025-06-08 15:14:48.355'),('49560b50-1596-4a2f-8623-8c586e57e624','cmbnt0w4j000a1418aalgb5si','ACTIVE',NULL,'2025-06-08 15:14:48.355','2025-06-08 15:14:48.355'),('49560b50-1596-4a2f-8623-8c586e57e625','cmbnt0w4j000a1418aalgb5si','ACTIVE',NULL,'2025-06-08 15:14:48.355','2025-06-08 15:14:48.355'),('4b3144ce-4912-4201-8bde-7b03a58f4c7e','cmbhevd1x000f4ifkc7ec0znt','ACTIVE',NULL,'2025-06-04 03:51:58.677','2025-06-04 03:51:58.677'),('4fe1dc4e-80d3-4f02-9fe1-8da8971769f8','cmbnt0y0r00161418mwzrd3b4','ACTIVE',NULL,'2025-06-08 15:14:50.811','2025-06-08 15:14:50.811'),('503e2e09-b0d9-4ae3-841c-dce26aa9750c','cmbnt0vxb00061418za62i4bs','ACTIVE',NULL,'2025-06-08 15:14:48.096','2025-06-08 15:14:48.096'),('52182e69-283f-4186-8497-b46432659f33','cmbnt11fl002u1418b9x2gk07','ACTIVE',NULL,'2025-06-08 15:14:55.233','2025-06-08 15:14:55.233'),('5636b191-e70c-4ad1-817f-43cecb66503e','cmbnt0xu300131418zrcs7r54','ACTIVE',NULL,'2025-06-08 15:14:50.571','2025-06-08 15:14:50.571'),('56ba04ae-d886-471e-98f2-41a7ef310db6','cmbnt10cb002c1418sqh3yzbt','ACTIVE',NULL,'2025-06-08 15:14:53.819','2025-06-08 15:14:53.819'),('58679094-c3a4-4eb0-bd2c-a5a71538bc79','cmbnt0yl1001f1418edg6dcsc','ACTIVE',NULL,'2025-06-08 15:14:51.542','2025-06-08 15:14:51.542'),('5a7751ed-fa82-42c6-9202-6d0065fb1c76','cmbnt0zab001s1418x9usm20c','ACTIVE',NULL,'2025-06-08 15:14:52.451','2025-06-08 15:14:52.451'),('631ce15e-a1a4-4c35-b03d-14304c51d3d4','cmbi4s33d0001kvvxgulk77k1','ACTIVE',NULL,'2025-06-04 15:57:15.815','2025-06-04 15:57:15.815'),('675ff29b-e251-478c-b991-3df72ee5bcc4','cmbhdarpb000aonuuoc1zwxwk','ACTIVE',NULL,'2025-06-04 03:07:58.271','2025-06-04 03:07:58.271'),('6bda278c-2714-497b-b415-6dbdb4f323d3','cmbnt10ov002i14181m2ntg4g','ACTIVE',NULL,'2025-06-08 15:14:54.271','2025-06-08 15:14:54.271'),('6f57f3d1-a1d3-40e6-b872-50f3973bcd4f','cmbnt0y8e00191418rnrdlv5t','ACTIVE',NULL,'2025-06-08 15:14:51.086','2025-06-08 15:14:51.086'),('747f7cb5-2eda-41b7-b77f-935322dfbede','cmbnt0wwe000n1418ummg7jjl','ACTIVE',NULL,'2025-06-08 15:14:49.358','2025-06-08 15:14:49.358'),('7902f4f2-8bcc-425a-9cdd-0d033c61816b','cmbi4s33d0001kvvxgulk77k1','ACTIVE',NULL,'2025-06-04 15:57:15.815','2025-06-04 15:57:15.815'),('7e1cac1e-a329-492c-b560-34d5b296c5af','cmbhemxn1000b4ifk20e1b42e','ACTIVE',NULL,'2025-06-04 03:45:25.453','2025-06-04 03:45:25.453'),('8316b81e-98d8-403e-a791-8a133472e008','cmbnt10uz002l1418mhd1xk9s','ACTIVE',NULL,'2025-06-08 15:14:54.492','2025-06-08 15:14:54.492'),('878821c1-608e-42af-bf03-d8a7a7fcdb76','cmbjmxk9w0003sxcepthir7gl','ACTIVE',NULL,'2025-06-05 17:13:10.628','2025-06-05 17:13:10.628'),('87be0385-6a71-4fdb-980f-d71828d76fbd','cmbnt111a002o14189jpbbui7','ACTIVE',NULL,'2025-06-08 15:14:54.718','2025-06-08 15:14:54.718'),('8b07a280-8a84-476a-a603-62ba1ae59332','cmbhdd1ch000honuunhki7mgg','ACTIVE',NULL,'2025-06-04 03:09:44.081','2025-06-04 03:09:44.081'),('9c00886f-0026-4d17-a230-ddb06983225d','cmbnt0zmw001z1418edaybjid','ACTIVE',NULL,'2025-06-08 15:14:52.905','2025-06-08 15:14:52.905'),('a056b927-4b0d-4ced-afe3-edf7856d9c41','cmbnt0wim000h1418ziyb68af','ACTIVE',NULL,'2025-06-08 15:14:48.862','2025-06-08 15:14:48.862'),('a28c0149-6a39-4942-a9f2-e4991ef87be6','cmbhe6cgh00014ifkte7jzbad','ACTIVE',NULL,'2025-06-04 03:32:31.504','2025-06-04 03:32:31.504'),('a3f16710-2726-410f-bcfd-66c4974cabd3','cmbmrddyj000y7pl74lgrkqo0','ACTIVE',NULL,'2025-06-07 21:40:45.932','2025-06-07 21:40:45.932'),('a70a7f05-2a13-4f73-804b-7a420a687cd0','cmbnt0yex001c1418kz89ae6f','ACTIVE',NULL,'2025-06-08 15:14:51.322','2025-06-08 15:14:51.322'),('ae4f4d85-be52-4874-9dd8-a33faff5fa2c','cmbnt0xne00101418bmchb6rr','ACTIVE',NULL,'2025-06-08 15:14:50.330','2025-06-08 15:14:50.330'),('b1696a43-d9ab-4789-afa3-023ce95d1269','cmbnt0wpg000k14186b5dzt4v','ACTIVE',NULL,'2025-06-08 15:14:49.109','2025-06-08 15:14:49.109'),('b7cd5885-a753-4745-8c52-efd1e2df61a2','cmbhd50ur0004onuu8fjrm272','ACTIVE',NULL,'2025-06-04 03:03:30.195','2025-06-04 03:03:30.195'),('c1be4ebf-ae00-491f-b851-fa65fa219109','cmbmlhhuo00017pl79nqwkorl','ACTIVE',NULL,'2025-06-07 18:55:59.904','2025-06-07 18:55:59.904'),('c459fdc5-7b91-4326-b531-955c1e28ff4b','cmbnt0yr7001i1418bytsj1n5','ACTIVE',NULL,'2025-06-08 15:14:51.763','2025-06-08 15:14:51.763'),('c7211aa2-e5d0-4856-acba-245a40abd4a8','cmbhe9c9a00044ifk6r35uymp','ACTIVE',NULL,'2025-06-04 03:34:51.214','2025-06-04 03:34:51.214'),('ca103547-41c7-445b-a4bc-4578a2a4d534','cmbnt0z3y001p1418uih2el4l','ACTIVE',NULL,'2025-06-08 15:14:52.222','2025-06-08 15:14:52.222'),('d2d778fc-6d0b-4bda-ae3c-e63f56dcf383','cmbhd5iz80007onuuhj399ftu','ACTIVE',NULL,'2025-06-04 03:03:53.684','2025-06-04 03:03:53.684'),('d880720b-582a-45b1-b4fe-6ed4b535a133','cmbmripvs001b7pl74088paet','ACTIVE',NULL,'2025-06-07 21:44:54.665','2025-06-07 21:44:54.665'),('dbdaffd9-60a9-4826-ac54-3a1e023a34b3','cmbi4uszm0006kvvxr50547tp','ACTIVE',NULL,'2025-06-04 15:59:22.690','2025-06-04 15:59:22.690'),('e05a48c3-a637-480f-a49e-8675f909be53','cmbhdhb66000konuuvel77kkl','ACTIVE',NULL,'2025-06-04 03:13:03.438','2025-06-04 03:13:03.438'),('e2c92216-1d27-445a-bc54-4a882d273a7d','cmbnt0riy00021418i0cq68uh','ACTIVE',NULL,'2025-06-08 15:14:42.394','2025-06-08 15:14:42.394'),('e36f9bbf-6198-4f6d-8bb9-2e6c7c0387b8','cmbhdi8ri000nonuupjpb5a48','ACTIVE',NULL,'2025-06-04 03:13:46.974','2025-06-04 03:13:46.974'),('e391c803-e925-4aa0-87f2-246188574434','cmbh82zk50001fdtdaky8crp8','ACTIVE',NULL,'2025-06-04 00:41:57.125','2025-06-04 00:41:57.125'),('f12f6855-913f-4690-949d-3c4546b2d334','cmbnt11lx002x1418y6gg71l6','ACTIVE',NULL,'2025-06-08 15:14:55.462','2025-06-08 15:14:55.462'),('f15cd230-9c83-422d-a974-2f764dd4d75c','cmbhberzu0001ayi352c2dews','ACTIVE',NULL,'2025-06-04 02:15:06.042','2025-06-04 02:15:06.042'),('f2a05b86-5d8e-4f51-8bc6-6f0ff5498a80','cmbnt1194002r14183kt80ba8','ACTIVE',NULL,'2025-06-08 15:14:55.000','2025-06-08 15:14:55.000');
/*!40000 ALTER TABLE `license` ENABLE KEYS */;
UNLOCK TABLES;

--
-- Table structure for table `licenseplugin`
--

DROP TABLE IF EXISTS `licenseplugin`;
/*!40101 SET @saved_cs_client     = @@character_set_client */;
/*!50503 SET character_set_client = utf8mb4 */;
CREATE TABLE `licenseplugin` (
  `id` varchar(191) COLLATE utf8mb4_unicode_ci NOT NULL,
  `license_id` varchar(191) COLLATE utf8mb4_unicode_ci NOT NULL,
  `plugin_slug` varchar(191) COLLATE utf8mb4_unicode_ci NOT NULL,
  `domain` varchar(191) COLLATE utf8mb4_unicode_ci NOT NULL,
  `last_usage` datetime(3) DEFAULT NULL,
  `created_at` datetime(3) NOT NULL DEFAULT CURRENT_TIMESTAMP(3),
  `updated_at` datetime(3) NOT NULL,
  PRIMARY KEY (`id`),
  UNIQUE KEY `LicensePlugin_license_id_plugin_slug_domain_key` (`license_id`,`plugin_slug`,`domain`),
  KEY `LicensePlugin_license_id_idx` (`license_id`),
  KEY `LicensePlugin_plugin_slug_idx` (`plugin_slug`),
  CONSTRAINT `LicensePlugin_license_id_fkey` FOREIGN KEY (`license_id`) REFERENCES `license` (`id`) ON DELETE RESTRICT ON UPDATE CASCADE
) ENGINE=InnoDB DEFAULT CHARSET=utf8mb4 COLLATE=utf8mb4_unicode_ci;
/*!40101 SET character_set_client = @saved_cs_client */;

--
-- Dumping data for table `licenseplugin`
--

LOCK TABLES `licenseplugin` WRITE;
/*!40000 ALTER TABLE `licenseplugin` DISABLE KEYS */;
INSERT INTO `licenseplugin` VALUES ('cmbmrpsjy001l7pl7dvqles7u','d880720b-582a-45b1-b4fe-6ed4b535a133','woocommerce-kr4','kijam.com','2025-06-07 21:50:36.175','2025-06-07 21:50:24.718','2025-06-07 21:50:36.177'),('cmbmrqf5t001t7pl72ysu4iu4','d880720b-582a-45b1-b4fe-6ed4b535a133','woocommerce-mercadopago','kijam.com','2025-06-07 21:50:54.015','2025-06-07 21:50:54.017','2025-06-07 21:50:54.017'),('cmbmrqjh8001x7pl7xvhtzojv','d880720b-582a-45b1-b4fe-6ed4b535a133','woocommerce-kmercadopago','kijam.com','2025-06-07 21:50:59.610','2025-06-07 21:50:59.612','2025-06-07 21:50:59.612'),('cmbmrrjpq00217pl79bh8jzlx','d880720b-582a-45b1-b4fe-6ed4b535a133','kandreani','kijam.com','2025-06-07 22:00:07.670','2025-06-07 21:51:46.574','2025-06-07 22:00:07.671');
/*!40000 ALTER TABLE `licenseplugin` ENABLE KEYS */;
UNLOCK TABLES;

--
-- Table structure for table `licenseusage`
--

DROP TABLE IF EXISTS `licenseusage`;
/*!40101 SET @saved_cs_client     = @@character_set_client */;
/*!50503 SET character_set_client = utf8mb4 */;
CREATE TABLE `licenseusage` (
  `id` varchar(191) COLLATE utf8mb4_unicode_ci NOT NULL,
  `license_id` varchar(191) COLLATE utf8mb4_unicode_ci NOT NULL,
  `domain` varchar(191) COLLATE utf8mb4_unicode_ci NOT NULL,
  `first_used_at` datetime(3) NOT NULL DEFAULT CURRENT_TIMESTAMP(3),
  `last_used_at` datetime(3) NOT NULL,
  `created_at` datetime(3) NOT NULL DEFAULT CURRENT_TIMESTAMP(3),
  `updated_at` datetime(3) NOT NULL,
  PRIMARY KEY (`id`),
  UNIQUE KEY `LicenseUsage_license_id_domain_key` (`license_id`,`domain`),
  KEY `LicenseUsage_license_id_idx` (`license_id`),
  KEY `LicenseUsage_domain_idx` (`domain`),
  CONSTRAINT `LicenseUsage_license_id_fkey` FOREIGN KEY (`license_id`) REFERENCES `license` (`id`) ON DELETE RESTRICT ON UPDATE CASCADE
) ENGINE=InnoDB DEFAULT CHARSET=utf8mb4 COLLATE=utf8mb4_unicode_ci;
/*!40101 SET character_set_client = @saved_cs_client */;

--
-- Dumping data for table `licenseusage`
--

LOCK TABLES `licenseusage` WRITE;
/*!40000 ALTER TABLE `licenseusage` DISABLE KEYS */;
INSERT INTO `licenseusage` VALUES ('cmbmrpsjf001j7pl7gdls603d','d880720b-582a-45b1-b4fe-6ed4b535a133','kijam.com','2025-06-07 21:50:24.700','2025-06-07 22:00:07.660','2025-06-07 21:50:24.700','2025-06-07 22:00:07.662');
/*!40000 ALTER TABLE `licenseusage` ENABLE KEYS */;
UNLOCK TABLES;

--
-- Table structure for table `membership`
--

DROP TABLE IF EXISTS `membership`;
/*!40101 SET @saved_cs_client     = @@character_set_client */;
/*!50503 SET character_set_client = utf8mb4 */;
CREATE TABLE `membership` (
  `id` varchar(191) COLLATE utf8mb4_unicode_ci NOT NULL,
  `user_id` varchar(191) COLLATE utf8mb4_unicode_ci NOT NULL,
  `plan_id` varchar(191) COLLATE utf8mb4_unicode_ci NOT NULL,
  `status` enum('ACTIVE','INACTIVE','CANCELLED') COLLATE utf8mb4_unicode_ci NOT NULL,
  `start_date` datetime(3) NOT NULL,
  `end_date` datetime(3) NOT NULL,
  `stripe_subscription_id` varchar(191) COLLATE utf8mb4_unicode_ci DEFAULT NULL,
  `payment_method` enum('STRIPE','VENEZUELA') COLLATE utf8mb4_unicode_ci NOT NULL,
  `last_check_with_gateway` datetime(3) DEFAULT NULL,
  `created_at` datetime(3) NOT NULL DEFAULT CURRENT_TIMESTAMP(3),
  `updated_at` datetime(3) NOT NULL,
  `last_remember_date` datetime(3) DEFAULT NULL,
  PRIMARY KEY (`id`),
  KEY `Membership_user_id_idx` (`user_id`),
  KEY `Membership_plan_id_idx` (`plan_id`),
  KEY `Membership_stripe_subscription_id_idx` (`stripe_subscription_id`),
  KEY `Membership_status_idx` (`status`),
  CONSTRAINT `Membership_plan_id_fkey` FOREIGN KEY (`plan_id`) REFERENCES `plan` (`id`) ON DELETE RESTRICT ON UPDATE CASCADE,
  CONSTRAINT `Membership_user_id_fkey` FOREIGN KEY (`user_id`) REFERENCES `user` (`id`) ON DELETE RESTRICT ON UPDATE CASCADE
) ENGINE=InnoDB DEFAULT CHARSET=utf8mb4 COLLATE=utf8mb4_unicode_ci;
/*!40101 SET character_set_client = @saved_cs_client */;

--
-- Dumping data for table `membership`
--

LOCK TABLES `membership` WRITE;
/*!40000 ALTER TABLE `membership` DISABLE KEYS */;
INSERT INTO `membership` VALUES ('cmbfih545000619c34s1aot3u','cmbfie4kb000419c3g6t0ep1o','cmbfhg5zq000012u95bbulkiv','ACTIVE','2025-06-02 19:57:21.316','2025-07-02 19:57:21.316','sub_1RVeTxFm1KtXfZEPhzviqsUM','STRIPE','2025-06-02 19:57:32.379','2025-06-02 19:57:21.318','2025-06-02 19:57:32.381',NULL),('cmbh82zk50001fdtdaky8crp8','cmbh7pnkk00013fluniykwhdc','cmbfhg5zq000012u95bbulkiv','CANCELLED','2025-06-04 00:41:57.112','2025-07-04 00:41:57.112','sub_1RW5OxFm1KtXfZEP6vpLwq3v','STRIPE','2025-06-04 00:42:07.552','2025-06-04 00:41:57.125','2025-06-04 00:42:34.125',NULL),('cmbhberzu0001ayi352c2dews','cmbhb05v600001mvjw79llked','cmbfhg5zq000012u95bbulkiv','CANCELLED','2025-06-04 02:15:06.022','2025-07-04 02:15:06.022',NULL,'VENEZUELA',NULL,'2025-06-04 02:15:06.042','2025-06-04 02:16:37.663',NULL),('cmbhd4nlt0001onuu0r2fuh99','cmbhb05v600001mvjw79llked','cmbfhg5zq000012u95bbulkiv','ACTIVE','2025-06-04 03:03:13.016','2025-07-04 03:03:13.016',NULL,'VENEZUELA',NULL,'2025-06-04 03:03:13.025','2025-06-04 03:03:13.025',NULL),('cmbhd50ur0004onuu8fjrm272','cmbhb05v600001mvjw79llked','cmbfhg5zq000012u95bbulkiv','ACTIVE','2025-06-04 03:03:30.185','2025-07-04 03:03:30.185',NULL,'VENEZUELA',NULL,'2025-06-04 03:03:30.195','2025-06-04 03:03:30.195',NULL),('cmbhd5iz80007onuuhj399ftu','cmbhb05v600001mvjw79llked','cmbfhg5zq000012u95bbulkiv','ACTIVE','2025-06-04 03:03:53.676','2025-07-04 03:03:53.676',NULL,'VENEZUELA',NULL,'2025-06-04 03:03:53.684','2025-06-04 03:03:53.684',NULL),('cmbhdarpb000aonuuoc1zwxwk','cmbhb05v600001mvjw79llked','cmbfhg5zq000012u95bbulkiv','ACTIVE','2025-06-04 03:07:58.264','2025-07-04 03:07:58.264',NULL,'VENEZUELA',NULL,'2025-06-04 03:07:58.271','2025-06-04 03:07:58.271',NULL),('cmbhdbrq1000donuuwoyy6sa6','cmbhb05v600001mvjw79llked','cmbfhg5zq000012u95bbulkiv','ACTIVE','2025-06-04 03:08:44.947','2025-07-04 03:08:44.947',NULL,'VENEZUELA',NULL,'2025-06-04 03:08:44.953','2025-06-04 03:08:44.953',NULL),('cmbhdd1ch000honuunhki7mgg','cmbhdcmye000fonuuna7y9tnm','cmbfhg5zq000012u95bbulkiv','ACTIVE','2025-06-04 03:09:44.080','2025-07-04 03:09:44.080',NULL,'VENEZUELA',NULL,'2025-06-04 03:09:44.081','2025-06-04 03:09:44.081',NULL),('cmbhdhb66000konuuvel77kkl','cmbhdcmye000fonuuna7y9tnm','cmbfhg5zq000012u95bbulkiv','ACTIVE','2025-06-04 03:13:03.435','2025-07-04 03:13:03.435',NULL,'VENEZUELA',NULL,'2025-06-04 03:13:03.438','2025-06-04 03:13:03.438',NULL),('cmbhdi8ri000nonuupjpb5a48','cmbhdcmye000fonuuna7y9tnm','cmbfhg5zq000012u95bbulkiv','ACTIVE','2025-06-04 03:13:44.565','2025-07-04 03:13:44.565',NULL,'VENEZUELA',NULL,'2025-06-04 03:13:46.974','2025-06-04 03:13:46.974',NULL),('cmbhe6cgh00014ifkte7jzbad','cmbhdcmye000fonuuna7y9tnm','cmbfhg5zq000012u95bbulkiv','ACTIVE','2025-06-04 03:32:31.498','2025-07-04 03:32:31.498',NULL,'VENEZUELA',NULL,'2025-06-04 03:32:31.504','2025-06-04 03:32:31.504',NULL),('cmbhe9c9a00044ifk6r35uymp','cmbhdcmye000fonuuna7y9tnm','cmbfhg5zq000012u95bbulkiv','ACTIVE','2025-06-04 03:34:51.207','2025-07-04 03:34:51.207',NULL,'VENEZUELA',NULL,'2025-06-04 03:34:51.214','2025-06-04 03:34:51.214',NULL),('cmbhegue800074ifkwzfwc6h6','cmbhdcmye000fonuuna7y9tnm','cmbfhg5zq000012u95bbulkiv','ACTIVE','2025-06-04 03:40:41.310','2025-07-04 03:40:41.310',NULL,'VENEZUELA',NULL,'2025-06-04 03:40:41.312','2025-06-04 03:40:41.312',NULL),('cmbhemxn1000b4ifk20e1b42e','cmbhemgdx00094ifk7gbhxatn','cmbfhg5zq000012u95bbulkiv','ACTIVE','2025-06-04 03:45:25.451','2025-07-04 03:45:25.451',NULL,'VENEZUELA',NULL,'2025-06-04 03:45:25.453','2025-06-04 03:45:25.453',NULL),('cmbhevd1x000f4ifkc7ec0znt','cmbhev14p000d4ifkutugg7zi','cmbfhg5zq000012u95bbulkiv','ACTIVE','2025-06-04 03:51:58.676','2025-07-04 03:51:58.676',NULL,'VENEZUELA',NULL,'2025-06-04 03:51:58.677','2025-06-04 03:51:58.677',NULL),('cmbhewgso000i4ifk65o1d6dg','cmbhev14p000d4ifkutugg7zi','cmbfhg5zq000012u95bbulkiv','ACTIVE','2025-06-04 03:52:50.182','2025-07-04 03:52:50.182',NULL,'VENEZUELA',NULL,'2025-06-04 03:52:50.184','2025-06-04 03:52:50.184',NULL),('cmbi4s33d0001kvvxgulk77k1','cmbfie4kb000419c3g6t0ep1o','dfghdfghdfghdfghfdghdfgh','ACTIVE','2025-06-04 15:57:15.812','2025-07-04 15:57:15.812','sub_1RWJgjFm1KtXfZEP8ga79nJ2','STRIPE','2025-06-04 15:57:25.933','2025-06-04 15:57:15.815','2025-06-04 15:57:25.935',NULL),('cmbi4uszm0006kvvxr50547tp','cmbi4u4bx0004kvvxkau2qeaw','cmbfhg5zq000012u95bbulkiv','ACTIVE','2025-06-04 15:59:22.689','2025-07-04 15:59:22.689',NULL,'VENEZUELA',NULL,'2025-06-04 15:59:22.690','2025-06-04 15:59:22.690',NULL),('cmbjmxk9w0003sxcepthir7gl','cmbjmuuax0001sxcel4lq2d9l','cmbfhg5zq000012u95bbulkiv','ACTIVE','2025-06-05 17:13:10.623','2025-08-05 03:43:10.623',NULL,'VENEZUELA',NULL,'2025-06-05 17:13:10.628','2025-06-05 17:16:42.611',NULL),('cmbld0zyt0009sxcejh4czxt2','cmblcp3h30007sxce0u20g6rt','cmbfhg5zq000012u95bbulkiv','ACTIVE','2025-06-06 22:11:27.124','2026-02-04 23:41:27.124',NULL,'VENEZUELA',NULL,'2025-06-06 22:11:27.126','2025-06-07 19:01:14.881',NULL),('cmbll3zsp000c2wmilk5tff23','cmblcp3h30007sxce0u20g6rt','cmbfhg5zq000012u95bbulkiv','ACTIVE','2025-06-07 01:57:43.798','2025-07-07 01:57:43.798',NULL,'VENEZUELA',NULL,'2025-06-07 01:57:43.801','2025-06-07 01:57:43.801',NULL),('cmbll40bt000f2wmiyea5dwhh','cmblcp3h30007sxce0u20g6rt','cmbfhg5zq000012u95bbulkiv','ACTIVE','2025-06-07 01:57:44.487','2025-07-07 01:57:44.487',NULL,'VENEZUELA',NULL,'2025-06-07 01:57:44.489','2025-06-07 01:57:44.489',NULL),('cmbmlhhuo00017pl79nqwkorl','cmblcp3h30007sxce0u20g6rt','cmbfhg5zq000012u95bbulkiv','ACTIVE','2025-06-07 18:55:59.901','2025-07-07 18:55:59.901',NULL,'VENEZUELA',NULL,'2025-06-07 18:55:59.904','2025-06-07 18:55:59.904',NULL),('cmbmrddyj000y7pl74lgrkqo0','cmblcp3h30007sxce0u20g6rt','cmbfhg5zq000012u95bbulkiv','ACTIVE','2025-06-07 21:40:45.930','2025-07-07 21:40:45.930',NULL,'VENEZUELA',NULL,'2025-06-07 21:40:45.932','2025-06-07 21:40:45.932',NULL),('cmbmrdzdz00117pl7g9n6b9ja','cmblcp3h30007sxce0u20g6rt','cmbfhg5zq000012u95bbulkiv','ACTIVE','2025-06-07 21:41:13.702','2025-07-07 21:41:13.702',NULL,'VENEZUELA',NULL,'2025-06-07 21:41:13.704','2025-06-07 21:41:13.704',NULL),('cmbmres9z00147pl7tb86j1ls','cmblcp3h30007sxce0u20g6rt','cmbfhg5zq000012u95bbulkiv','ACTIVE','2025-06-07 21:41:51.142','2025-07-07 21:41:51.142',NULL,'VENEZUELA',NULL,'2025-06-07 21:41:51.143','2025-06-07 21:41:51.143',NULL),('cmbmrg61c00177pl7vddclbwm','cmblcp3h30007sxce0u20g6rt','cmbfhg5zq000012u95bbulkiv','ACTIVE','2025-06-07 21:42:55.630','2025-07-07 21:42:55.630',NULL,'VENEZUELA',NULL,'2025-06-07 21:42:55.632','2025-06-07 21:42:55.632',NULL),('cmbmripvs001b7pl74088paet','cmbmribld00197pl7kbame579','cmbfhg603000112u9xr1mxa4d','CANCELLED','2025-06-07 21:44:54.662','2026-12-07 18:44:54.662','sub_1RXUXpFm1KtXfZEPcEBxVnC2','STRIPE','2025-06-07 21:48:18.842','2025-06-07 21:44:54.665','2025-06-07 21:48:18.844',NULL),('cmbnt0riy00021418i0cq68uh','cmbnt0is5000014181ykdcri0','cmbfhg60f000212u9s8noy5e6','ACTIVE','2024-09-10 00:00:00.000','2025-09-10 00:00:00.000',NULL,'VENEZUELA',NULL,'2025-06-08 15:14:42.394','2025-06-08 15:14:42.394',NULL),('cmbnt0vxb00061418za62i4bs','cmbnt0vwo000314184tf4w4td','cmbnt0vx000041418uqkenzjh','ACTIVE','2024-09-02 00:00:00.000','2026-09-02 06:00:00.000','sub_1RXl96Fm1KtXfZEPAv6NinbO','STRIPE','2025-06-08 15:28:39.744','2025-06-08 15:14:48.096','2025-06-08 15:28:39.747',NULL),('cmbnt0w4j000a1418aalgb5si','cmbnt0w3l00071418ju2m7o59','cmbnt0w4400081418nydpgh4w','ACTIVE','2024-08-28 00:00:00.000','2030-08-28 00:00:00.000',NULL,'VENEZUELA',NULL,'2025-06-08 15:14:48.355','2025-06-08 15:14:48.355',NULL),('cmbnt0wbq000e1418nkemggwn','cmbnt0wb2000b1418v2rh6k4g','cmbnt0wbd000c1418a4li9d1p','ACTIVE','2024-08-28 00:00:00.000','2025-08-28 00:00:00.000',NULL,'VENEZUELA',NULL,'2025-06-08 15:14:48.614','2025-06-08 15:14:48.614',NULL),('cmbnt0wim000h1418ziyb68af','cmbnt0why000f141867dqqfcu','cmbnt0wbd000c1418a4li9d1p','ACTIVE','2024-08-27 00:00:00.000','2025-08-27 00:00:00.000',NULL,'VENEZUELA',NULL,'2025-06-08 15:14:48.862','2025-06-08 15:14:48.862',NULL),('cmbnt0wpg000k14186b5dzt4v','cmbnt0wos000i1418ao6c11tm','cmbnt0wbd000c1418a4li9d1p','ACTIVE','2024-08-22 00:00:00.000','2025-08-22 00:00:00.000',NULL,'VENEZUELA',NULL,'2025-06-08 15:14:49.109','2025-06-08 15:14:49.109',NULL),('cmbnt0wwe000n1418ummg7jjl','cmbnt0wvs000l1418127c8c0y','cmbnt0wbd000c1418a4li9d1p','ACTIVE','2024-08-21 00:00:00.000','2025-08-21 00:00:00.000',NULL,'VENEZUELA',NULL,'2025-06-08 15:14:49.358','2025-06-08 15:14:49.358',NULL),('cmbnt0x31000q14183ylpv9lb','cmbnt0x2h000o1418wmylbccy','cmbnt0wbd000c1418a4li9d1p','ACTIVE','2024-08-21 00:00:00.000','2025-08-21 00:00:00.000',NULL,'VENEZUELA',NULL,'2025-06-08 15:14:49.598','2025-06-08 15:14:49.598',NULL),('cmbnt0x9m000t1418etclcuyc','cmbnt0wb2000b1418v2rh6k4g','cmbnt0wbd000c1418a4li9d1p','ACTIVE','2024-08-18 00:00:00.000','2025-08-18 00:00:00.000',NULL,'VENEZUELA',NULL,'2025-06-08 15:14:49.835','2025-06-08 15:14:49.835',NULL),('cmbnt0xga000x1418v2k4fg9f','cmbnt0xfi000u1418bz7t8ueg','cmbnt0xfx000v1418nlynvhyy','ACTIVE','2024-08-14 00:00:00.000','2025-12-12 00:00:00.000',NULL,'VENEZUELA',NULL,'2025-06-08 15:14:50.075','2025-06-08 15:14:50.075',NULL),('cmbnt0xne00101418bmchb6rr','cmbnt0xml000y1418ha6xx1sy','cmbnt0vx000041418uqkenzjh','ACTIVE','2024-08-09 00:00:00.000','2025-08-09 00:00:00.000','sub_1RXlDhFm1KtXfZEPluEPHtGJ','STRIPE',NULL,'2025-06-08 15:14:50.330','2025-06-08 15:33:14.378',NULL),('cmbnt0xu300131418zrcs7r54','cmbnt0xt40011141819nm0sig','cmbnt0vx000041418uqkenzjh','ACTIVE','2024-08-06 00:00:00.000','2025-08-06 00:00:00.000',NULL,'STRIPE',NULL,'2025-06-08 15:14:50.571','2025-06-08 15:14:50.571',NULL),('cmbnt0y0r00161418mwzrd3b4','cmbnt0xzy00141418weypormc','cmbnt0vx000041418uqkenzjh','ACTIVE','2024-07-18 00:00:00.000','2025-07-18 00:00:00.000',NULL,'STRIPE',NULL,'2025-06-08 15:14:50.811','2025-06-08 15:14:50.811',NULL),('cmbnt0y8e00191418rnrdlv5t','cmbnt0xml000y1418ha6xx1sy','cmbnt0vx000041418uqkenzjh','ACTIVE','2024-07-18 00:00:00.000','2025-07-18 00:00:00.000','sub_1RXlHPFm1KtXfZEPq9G8NgEn','STRIPE','2025-06-08 15:37:39.022','2025-06-08 15:14:51.086','2025-06-08 15:37:39.026',NULL),('cmbnt0yex001c1418kz89ae6f','cmbnt0yed001a1418x9qk7ed7','cmbnt0wbd000c1418a4li9d1p','ACTIVE','2024-07-17 00:00:00.000','2025-07-17 00:00:00.000',NULL,'VENEZUELA',NULL,'2025-06-08 15:14:51.322','2025-06-08 15:14:51.322',NULL),('cmbnt0yl1001f1418edg6dcsc','cmbnt0ykj001d1418amxb4nfp','cmbnt0vx000041418uqkenzjh','ACTIVE','2024-07-16 00:00:00.000','2025-07-16 00:00:00.000',NULL,'STRIPE',NULL,'2025-06-08 15:14:51.542','2025-06-08 15:14:51.542',NULL),('cmbnt0yr7001i1418bytsj1n5','cmbnt0yqo001g141873f4e41w','cmbnt0vx000041418uqkenzjh','ACTIVE','2024-07-16 00:00:00.000','2025-07-16 00:00:00.000',NULL,'STRIPE',NULL,'2025-06-08 15:14:51.763','2025-06-08 15:14:51.763',NULL),('cmbnt0yxr001m1418giwld7ox','cmbnt0yx5001j1418hn6bvm49','cmbnt0yxh001k1418lqagvzno','ACTIVE','2024-07-15 00:00:00.000','2025-06-16 00:00:00.000',NULL,'VENEZUELA',NULL,'2025-06-08 15:14:51.999','2025-06-08 15:14:51.999',NULL),('cmbnt0z3y001p1418uih2el4l','cmbnt0z3d001n1418j5rrdpjl','cmbnt0wbd000c1418a4li9d1p','ACTIVE','2024-07-11 00:00:00.000','2025-07-11 00:00:00.000',NULL,'VENEZUELA',NULL,'2025-06-08 15:14:52.222','2025-06-08 15:14:52.222',NULL),('cmbnt0zab001s1418x9usm20c','cmbnt0z9r001q1418xzmzup96','cmbnt0vx000041418uqkenzjh','ACTIVE','2024-07-08 00:00:00.000','2025-07-08 00:00:00.000',NULL,'STRIPE',NULL,'2025-06-08 15:14:52.451','2025-06-08 15:14:52.451',NULL),('cmbnt0zgk001w14189lwdg7bm','cmbnt0zg0001t1418l1z345vi','cmbnt0zga001u1418qcng8dru','ACTIVE','2024-07-04 00:00:00.000','2025-07-06 00:00:00.000',NULL,'STRIPE',NULL,'2025-06-08 15:14:52.676','2025-06-08 15:14:52.676',NULL),('cmbnt0zmw001z1418edaybjid','cmbnt0zmd001x141851s1l20d','cmbnt0vx000041418uqkenzjh','ACTIVE','2024-07-01 00:00:00.000','2025-07-01 00:00:00.000',NULL,'STRIPE',NULL,'2025-06-08 15:14:52.905','2025-06-08 15:14:52.905',NULL),('cmbnt0zt7002314182oa4f51s','cmbnt0zsn0020141808arc3iz','cmbnt0zsx00211418qr3ten3p','ACTIVE','2024-06-25 00:00:00.000','2025-06-16 00:00:00.000',NULL,'VENEZUELA',NULL,'2025-06-08 15:14:53.132','2025-06-08 15:14:53.132',NULL),('cmbnt0zz900261418ptxw530b','cmbnt0zyq00241418k928gylh','cmbnt0yxh001k1418lqagvzno','ACTIVE','2024-05-28 00:00:00.000','2025-06-12 00:00:00.000',NULL,'VENEZUELA',NULL,'2025-06-08 15:14:53.350','2025-06-08 15:14:53.350',NULL),('cmbnt106400291418e5i5cme4','cmbnt105i00271418znwj6v7e','cmbnt0zga001u1418qcng8dru','ACTIVE','2024-05-10 00:00:00.000','2025-06-15 00:00:00.000',NULL,'STRIPE',NULL,'2025-06-08 15:14:53.597','2025-06-08 15:14:53.597',NULL),('cmbnt10cb002c1418sqh3yzbt','cmbnt10bs002a1418w89umtkw','cmbnt0vx000041418uqkenzjh','ACTIVE','2024-05-06 00:00:00.000','2026-05-06 00:00:00.000',NULL,'STRIPE',NULL,'2025-06-08 15:14:53.819','2025-06-08 15:14:53.819',NULL),('cmbnt10ih002f141828e6dkpl','cmbnt0is5000014181ykdcri0','cmbnt0wbd000c1418a4li9d1p','ACTIVE','2024-04-25 00:00:00.000','2026-04-28 00:00:00.000',NULL,'VENEZUELA',NULL,'2025-06-08 15:14:54.041','2025-06-08 15:14:54.041',NULL),('cmbnt10ov002i14181m2ntg4g','cmbnt10ob002g141883uy8tln','cmbnt0zga001u1418qcng8dru','ACTIVE','2024-04-02 00:00:00.000','2025-08-08 00:00:00.000',NULL,'STRIPE',NULL,'2025-06-08 15:14:54.271','2025-06-08 15:14:54.271',NULL),('cmbnt10uz002l1418mhd1xk9s','cmbnt10uh002j1418d6fafekr','cmbnt0vx000041418uqkenzjh','ACTIVE','2024-03-07 00:00:00.000','2026-03-07 00:00:00.000',NULL,'STRIPE',NULL,'2025-06-08 15:14:54.492','2025-06-08 15:14:54.492',NULL),('cmbnt111a002o14189jpbbui7','cmbnt110q002m14189ugi3wrx','cmbnt0wbd000c1418a4li9d1p','ACTIVE','2024-02-28 00:00:00.000','2026-03-02 00:00:00.000',NULL,'VENEZUELA',NULL,'2025-06-08 15:14:54.718','2025-06-08 15:14:54.718',NULL),('cmbnt1194002r14183kt80ba8','cmbnt1188002p1418tjoboe8i','cmbnt0wbd000c1418a4li9d1p','ACTIVE','2024-02-05 00:00:00.000','2026-02-05 00:00:00.000',NULL,'VENEZUELA',NULL,'2025-06-08 15:14:55.000','2025-06-08 15:14:55.000',NULL),('cmbnt11fl002u1418b9x2gk07','cmbnt11ev002s1418vi1a3zew','cmbnt0yxh001k1418lqagvzno','ACTIVE','2024-01-19 00:00:00.000','2025-06-30 00:00:00.000',NULL,'VENEZUELA',NULL,'2025-06-08 15:14:55.233','2025-06-08 15:14:55.233',NULL),('cmbnt11lx002x1418y6gg71l6','cmbnt11le002v1418shfy5wba','cmbnt0wbd000c1418a4li9d1p','ACTIVE','2023-11-29 00:00:00.000','2026-01-15 00:00:00.000',NULL,'STRIPE',NULL,'2025-06-08 15:14:55.462','2025-06-08 15:14:55.462',NULL);
/*!40000 ALTER TABLE `membership` ENABLE KEYS */;
UNLOCK TABLES;

--
-- Table structure for table `payment`
--

DROP TABLE IF EXISTS `payment`;
/*!40101 SET @saved_cs_client     = @@character_set_client */;
/*!50503 SET character_set_client = utf8mb4 */;
CREATE TABLE `payment` (
  `id` varchar(191) COLLATE utf8mb4_unicode_ci NOT NULL,
  `membership_id` varchar(191) COLLATE utf8mb4_unicode_ci NOT NULL,
  `amount` double NOT NULL,
  `currency` varchar(191) COLLATE utf8mb4_unicode_ci NOT NULL,
  `status` enum('PENDING','COMPLETED','FAILED') COLLATE utf8mb4_unicode_ci NOT NULL,
  `payment_method` enum('STRIPE','VENEZUELA') COLLATE utf8mb4_unicode_ci NOT NULL,
  `stripe_invoice_id` varchar(191) COLLATE utf8mb4_unicode_ci DEFAULT NULL,
  `bank_name` varchar(191) COLLATE utf8mb4_unicode_ci DEFAULT NULL,
  `currency_rate` double DEFAULT NULL,
  `reference` varchar(191) COLLATE utf8mb4_unicode_ci DEFAULT NULL,
  `invoice_url` varchar(191) COLLATE utf8mb4_unicode_ci DEFAULT NULL,
  `created_at` datetime(3) NOT NULL DEFAULT CURRENT_TIMESTAMP(3),
  `updated_at` datetime(3) NOT NULL,
  PRIMARY KEY (`id`),
  KEY `Payment_membership_id_idx` (`membership_id`),
  KEY `Payment_status_idx` (`status`),
  KEY `Payment_payment_method_idx` (`payment_method`),
  KEY `Payment_stripe_invoice_id_idx` (`stripe_invoice_id`),
  KEY `Payment_reference_idx` (`reference`),
  CONSTRAINT `Payment_membership_id_fkey` FOREIGN KEY (`membership_id`) REFERENCES `membership` (`id`) ON DELETE RESTRICT ON UPDATE CASCADE
) ENGINE=InnoDB DEFAULT CHARSET=utf8mb4 COLLATE=utf8mb4_unicode_ci;
/*!40101 SET character_set_client = @saved_cs_client */;

--
-- Dumping data for table `payment`
--

LOCK TABLES `payment` WRITE;
/*!40000 ALTER TABLE `payment` DISABLE KEYS */;
INSERT INTO `payment` VALUES ('cmbfihdn6000819c35s4uxobv','cmbfih545000619c34s1aot3u',6,'USD','COMPLETED','STRIPE','in_1RVeTxFm1KtXfZEPXT1Sy89N',NULL,NULL,NULL,'https://invoice.stripe.com/i/acct_1RALq0Fm1KtXfZEP/test_YWNjdF8xUkFMcTBGbTFLdFhmWkVQLF9TUVZVNno1b2dldVF5WDBoNlZXMUxoU2RqeWxraW9WLDEzOTQzNTA0Mg0200EJ3R4SqK?s=ap','2025-06-02 19:57:32.370','2025-06-02 19:57:32.370'),('cmbh837lu0003fdtd3ghftb81','cmbh82zk50001fdtdaky8crp8',6,'USD','COMPLETED','STRIPE','in_1RW5OxFm1KtXfZEPMmJcQRGF',NULL,NULL,NULL,'https://invoice.stripe.com/i/acct_1RALq0Fm1KtXfZEP/test_YWNjdF8xUkFMcTBGbTFLdFhmWkVQLF9TUXhKQUlPUlpoemFxNUlXSHlSR2pnd2RhN2RIRmt3LDEzOTUzODUxNg0200g85o81cv?s=ap','2025-06-04 00:42:07.555','2025-06-04 00:42:07.555'),('cmbhberzu0002ayi34neuvomc','cmbhberzu0001ayi352c2dews',1169.03,'VES','COMPLETED','VENEZUELA',NULL,'BVC',97.4194,'444555',NULL,'2025-06-04 02:15:06.042','2025-06-04 02:15:06.042'),('cmbhd4nlt0002onuuodktilki','cmbhd4nlt0001onuu0r2fuh99',1169.03,'VES','COMPLETED','VENEZUELA',NULL,'BVC',97.4194,'234234',NULL,'2025-06-04 03:03:13.025','2025-06-04 03:03:13.025'),('cmbhd50ur0005onuua8okbh61','cmbhd50ur0004onuu8fjrm272',1169.03,'VES','COMPLETED','VENEZUELA',NULL,'BVC',97.4194,'234234',NULL,'2025-06-04 03:03:30.195','2025-06-04 03:03:30.195'),('cmbhd5iz80008onuuaxut0jyt','cmbhd5iz80007onuuhj399ftu',1169.03,'VES','COMPLETED','VENEZUELA',NULL,'BVC',97.4194,'234234',NULL,'2025-06-04 03:03:53.684','2025-06-04 03:03:53.684'),('cmbhdarpb000bonuu18owmpuc','cmbhdarpb000aonuuoc1zwxwk',1169.03,'VES','COMPLETED','VENEZUELA',NULL,'BVC',97.4194,'234234',NULL,'2025-06-04 03:07:58.271','2025-06-04 03:07:58.271'),('cmbhdbrq1000eonuuohw34wkx','cmbhdbrq1000donuuwoyy6sa6',1169.03,'VES','COMPLETED','VENEZUELA',NULL,'BVC',97.4194,'232323',NULL,'2025-06-04 03:08:44.953','2025-06-04 03:08:44.953'),('cmbhdd1ch000ionuuhiksum8s','cmbhdd1ch000honuunhki7mgg',1169.03,'VES','COMPLETED','VENEZUELA',NULL,'BVC',97.4194,'234234',NULL,'2025-06-04 03:09:44.081','2025-06-04 03:09:44.081'),('cmbhdhb66000lonuu8h3b8fre','cmbhdhb66000konuuvel77kkl',1169.03,'VES','COMPLETED','VENEZUELA',NULL,'BVC',97.4194,'123123',NULL,'2025-06-04 03:13:03.438','2025-06-04 03:13:03.438'),('cmbhdi8ri000oonuudemnnd1v','cmbhdi8ri000nonuupjpb5a48',1169.03,'VES','COMPLETED','VENEZUELA',NULL,'BVC',97.4194,'234234','https://democonsulta.thefactoryhka.com.ve/?doc=7K5Lt0ZlcISKTbvr6s16LoA5A5/abXo8ngFp52OOXVwc1DgRGymA77j5OVTm56Jo','2025-06-04 03:13:46.974','2025-06-04 03:13:46.974'),('cmbhe6cgh00024ifkuiievrdw','cmbhe6cgh00014ifkte7jzbad',1169.03,'VES','COMPLETED','VENEZUELA',NULL,'BDV',97.4194,'123123','https://democonsulta.thefactoryhka.com.ve/?doc=7K5Lt0ZlcISKTbvr6s16LoA5A5/abXo8qvbghdqw/Ax4yXXVP88pSqEWZihvrjtX','2025-06-04 03:32:31.504','2025-06-04 03:32:31.504'),('cmbhe9c9a00054ifkxhsiop9w','cmbhe9c9a00044ifk6r35uymp',1169.03,'VES','COMPLETED','VENEZUELA',NULL,'BDV',97.4194,'111222','https://democonsulta.thefactoryhka.com.ve/?doc=7K5Lt0ZlcISKTbvr6s16LoA5A5/abXo8qvbghdqw/AyMgecTTiwgQNXjisd7WL6G','2025-06-04 03:34:51.214','2025-06-04 03:34:51.214'),('cmbhegue800084ifkl2v031o5','cmbhegue800074ifkwzfwc6h6',1169.03,'VES','COMPLETED','VENEZUELA',NULL,'BVC',97.4194,'121212','https://democonsulta.thefactoryhka.com.ve/?doc=7K5Lt0ZlcISKTbvr6s16LoA5A5/abXo8qvbghdqw/AzHCd6oxpC+Z9gPAm1+wS9n','2025-06-04 03:40:41.312','2025-06-04 03:40:41.312'),('cmbhemxn1000c4ifkhue9m5hj','cmbhemxn1000b4ifk20e1b42e',1169.03,'VES','COMPLETED','VENEZUELA',NULL,'BVC',97.4194,'322333','https://democonsulta.thefactoryhka.com.ve/?doc=7K5Lt0ZlcISKTbvr6s16LuX0BE/mFpGSGTktXCrh4WDwt/Sz8rF4ZiS2MGsUOfwb','2025-06-04 03:45:25.453','2025-06-04 03:45:25.453'),('cmbhevd1x000g4ifkych18myl','cmbhevd1x000f4ifkc7ec0znt',584.52,'VES','COMPLETED','VENEZUELA',NULL,'BVC',97.4194,'345345','https://democonsulta.thefactoryhka.com.ve/?doc=7K5Lt0ZlcISKTbvr6s16LgvekFcJJP4Htrw02LmknWZ6dFFey1JtuQBnpdCWRM1y','2025-06-04 03:51:58.677','2025-06-04 03:51:58.677'),('cmbhewgso000j4ifklfinbvj7','cmbhewgso000i4ifk65o1d6dg',1169.03,'VES','COMPLETED','VENEZUELA',NULL,'BVC',97.4194,'445555','https://democonsulta.thefactoryhka.com.ve/?doc=7K5Lt0ZlcISKTbvr6s16LgvekFcJJP4Htrw02LmknWYTnXsBKb4DzJraDtVazwro','2025-06-04 03:52:50.184','2025-06-04 03:52:50.184'),('cmbi4saw20003kvvxshp4a43p','cmbi4s33d0001kvvxgulk77k1',928.18,'USD','COMPLETED','STRIPE','in_1RWJgjFm1KtXfZEP7entZvbm',NULL,NULL,NULL,'https://invoice.stripe.com/i/acct_1RALq0Fm1KtXfZEP/test_YWNjdF8xUkFMcTBGbTFLdFhmWkVQLF9TUkM0aFF6WEUzOHdxdVR5NGVlVXRpOFZqQnlWcTgzLDEzOTU5MzQzNQ02007pdNKtPG?s=ap','2025-06-04 15:57:25.923','2025-06-04 15:57:25.923'),('cmbi4uszm0007kvvx56qnm9dl','cmbi4uszm0006kvvxr50547tp',584.52,'VES','COMPLETED','VENEZUELA',NULL,'BVC',97.4194,'444333','https://democonsulta.thefactoryhka.com.ve/?doc=7K5Lt0ZlcISKTbvr6s16LvML6WGxp6Ck3tlXeBSw0btdzUSsx8fRCigqpeX6FYMi','2025-06-04 15:59:22.690','2025-06-04 15:59:22.690'),('cmbjmxk9x0004sxced6icqowk','cmbjmxk9w0003sxcepthir7gl',881.13,'VES','COMPLETED','VENEZUELA',NULL,'BVC',97.9031,'222333','https://democonsulta.thefactoryhka.com.ve/?doc=7K5Lt0ZlcISKTbvr6s16LtW0KENm3UKeqOytZSOGJFsuIJL43glOjGlIFytzNMGe','2025-06-05 17:13:10.628','2025-06-05 17:13:10.628'),('cmbjn23ua0005sxce89ea7j44','cmbjmxk9w0003sxcepthir7gl',1174.84,'VES','COMPLETED','VENEZUELA',NULL,'BVC',97.9031,'112333','https://democonsulta.thefactoryhka.com.ve/?doc=7K5Lt0ZlcISKTbvr6s16LtW0KENm3UKePogsLQXhwSIuIJL43glOjFAGBctTbxgj','2025-06-05 17:16:42.611','2025-06-05 17:16:42.611'),('cmbld0zyu000asxcem7aue8mr','cmbld0zyt0009sxcejh4czxt2',891.82,'VES','COMPLETED','VENEZUELA',NULL,'BIOPAGO',99.0916,'921514','https://democonsulta.thefactoryhka.com.ve/?doc=7K5Lt0ZlcISKTbvr6s16LrYMUIv12LX3Dkqch2udPB4uIJL43glOjCZPNMb37oUf','2025-06-06 22:11:27.126','2025-06-06 22:11:27.126'),('cmbld1xgt000bsxcex2nffb1o','cmbld0zyt0009sxcejh4czxt2',1189.1,'VES','COMPLETED','VENEZUELA',NULL,'TDC',99.0916,'116736','https://democonsulta.thefactoryhka.com.ve/?doc=7K5Lt0ZlcISKTbvr6s16LrYMUIv12LX3P0I0cYnPlbUuIJL43glOjOmN5kj2gE5K','2025-06-06 22:12:10.541','2025-06-06 22:12:10.541'),('cmblezh1c00082wmiwlm7s4s0','cmbld0zyt0009sxcejh4czxt2',0.99,'VES','COMPLETED','VENEZUELA',NULL,'Cta. Corriente',99.0916,'2784863117cd','','2025-06-06 23:06:15.168','2025-06-06 23:06:15.168'),('cmblfo40c00092wmir26mabrd','cmbld0zyt0009sxcejh4czxt2',0.99,'VES','COMPLETED','VENEZUELA',NULL,'Biopago - Cta. Corriente',99.0916,'2784863117c','https://democonsulta.thefactoryhka.com.ve/?doc=7K5Lt0ZlcISKTbvr6s16LrYMUIv12LX3GjNjHr2h2p0uIJL43glOjF72BJ2VoCo/','2025-06-06 23:25:24.685','2025-06-06 23:25:24.685'),('cmbll1456000a2wmihlzpaico','cmbld0zyt0009sxcejh4czxt2',0.99,'VES','COMPLETED','VENEZUELA',NULL,'Biopago - Cta. Corriente',99.0916,'2784863117fghfgh','https://democonsulta.thefactoryhka.com.ve/?doc=7K5Lt0ZlcISKTbvr6s16LrYMUIv12LX381KjT28MVxEuIJL43glOjHaN5n511cX8','2025-06-07 01:55:29.466','2025-06-07 01:55:29.466'),('cmbll3zsp000d2wmi6a7ounct','cmbll3zsp000c2wmilk5tff23',0.99,'VES','COMPLETED','VENEZUELA',NULL,'Biopago - Cta. de Ahorro',99.0916,'mjm','','2025-06-07 01:57:43.801','2025-06-07 01:57:43.801'),('cmbll40bt000g2wmi70aracb9','cmbll40bt000f2wmiyea5dwhh',0.99,'VES','COMPLETED','VENEZUELA',NULL,'Biopago - Cta. de Ahorro',99.0916,'jmhgm','https://democonsulta.thefactoryhka.com.ve/?doc=7K5Lt0ZlcISKTbvr6s16LrYMUIv12LX3osOgOmjHfRwuIJL43glOjGLhQlsVsb75','2025-06-07 01:57:44.489','2025-06-07 01:57:44.489'),('cmbllbbrh000h2wmiwncxy986','cmbld0zyt0009sxcejh4czxt2',0.99,'VES','COMPLETED','VENEZUELA',NULL,'Biopago - Cta. Corriente',99.0916,'vdsfvsdfv','https://democonsulta.thefactoryhka.com.ve/?doc=7K5Lt0ZlcISKTbvr6s16LrYMUIv12LX3m6snPeKoVQEuIJL43glOjPTlVTt5D8mo','2025-06-07 02:03:25.901','2025-06-07 02:03:25.901'),('cmbllcu3b000i2wmi022bwmc4','cmbld0zyt0009sxcejh4czxt2',0.99,'VES','COMPLETED','VENEZUELA',NULL,'Biopago - Cta. Corriente',99.0916,'2784863117','https://democonsulta.thefactoryhka.com.ve/?doc=7K5Lt0ZlcISKTbvr6s16LrYMUIv12LX3TqtHT9BLdfMuIJL43glOjPy2TIcl6SxZ','2025-06-07 02:04:36.311','2025-06-07 02:04:36.311'),('cmbmlhhuo00027pl7728xzlr3','cmbmlhhuo00017pl79nqwkorl',0.99,'VES','COMPLETED','VENEZUELA',NULL,'TDC',99.0916,'03D000000047804498','https://democonsulta.thefactoryhka.com.ve/?doc=7K5Lt0ZlcISKTbvr6s16LrYMUIv12LX3EmnbBIQPllEuIJL43glOjNCezgO9+hoG','2025-06-07 18:55:59.904','2025-06-07 18:55:59.904'),('cmbmlo8w100037pl7rl0pafjv','cmbld0zyt0009sxcejh4czxt2',0.99,'VES','COMPLETED','VENEZUELA',NULL,'TDC',99.0916,'03D000000047804517','https://democonsulta.thefactoryhka.com.ve/?doc=7K5Lt0ZlcISKTbvr6s16LrYMUIv12LX3WSDpvgkjLvkuIJL43glOjHF9TGKqSRDs','2025-06-07 19:01:14.881','2025-06-07 19:01:14.881'),('cmbmrddyj000z7pl7feltu140','cmbmrddyj000y7pl74lgrkqo0',0.99,'VES','COMPLETED','VENEZUELA',NULL,'BDV',99.0916,'917461','https://democonsulta.thefactoryhka.com.ve/?doc=7K5Lt0ZlcISKTbvr6s16LrYMUIv12LX30gSR4chjOBYuIJL43glOjAPYcKErPt5X','2025-06-07 21:40:45.932','2025-06-07 21:40:45.932'),('cmbmrdze000127pl7fweoc3lm','cmbmrdzdz00117pl7g9n6b9ja',0.99,'VES','COMPLETED','VENEZUELA',NULL,'BVC',99.0916,'322322','https://democonsulta.thefactoryhka.com.ve/?doc=7K5Lt0ZlcISKTbvr6s16LrYMUIv12LX3bDCjhVatFVwuIJL43glOjHWsL/93oE93','2025-06-07 21:41:13.704','2025-06-07 21:41:13.704'),('cmbmres9z00157pl7n5u3yi7s','cmbmres9z00147pl7tb86j1ls',0.99,'VES','COMPLETED','VENEZUELA',NULL,'Biopago - Cta. Corriente',99.0916,'2787342481','https://democonsulta.thefactoryhka.com.ve/?doc=7K5Lt0ZlcISKTbvr6s16LrYMUIv12LX3A45OI9d+Z2UuIJL43glOjCEIdZ2/7yhX','2025-06-07 21:41:51.143','2025-06-07 21:41:51.143'),('cmbmrg61c00187pl7wrhwu2hg','cmbmrg61c00177pl7vddclbwm',0.99,'VES','COMPLETED','VENEZUELA',NULL,'TDC',99.0916,'03D000000047804977','https://democonsulta.thefactoryhka.com.ve/?doc=7K5Lt0ZlcISKTbvr6s16LrYMUIv12LX3Q1JPfUG7foIuIJL43glOjCVL/kLCVC2H','2025-06-07 21:42:55.632','2025-06-07 21:42:55.632'),('cmbmriy73001d7pl76kykysxa','cmbmripvs001b7pl74088paet',60,'USD','COMPLETED','STRIPE','in_1RXUXpFm1KtXfZEPmoz7j165',NULL,NULL,NULL,'https://invoice.stripe.com/i/acct_1RALq0Fm1KtXfZEP/test_YWNjdF8xUkFMcTBGbTFLdFhmWkVQLF9TU1BNczZFSXBBOER5OWtNVlR0eFc3VlJCcDFMQ2tYLDEzOTg3MzQ5NQ02000nqZly2N?s=ap','2025-06-07 21:45:05.440','2025-06-07 21:45:05.440'),('cmbmrli1t001f7pl7nbhj4zjs','cmbmripvs001b7pl74088paet',60,'USD','COMPLETED','STRIPE','in_1RXUZgFm1KtXfZEPHZUVxqfx',NULL,NULL,NULL,'https://invoice.stripe.com/i/acct_1RALq0Fm1KtXfZEP/test_YWNjdF8xUkFMcTBGbTFLdFhmWkVQLF9TU1BPMWU3dUhTSDF0dnJhOHlpUWtlT2lJWksyU1FJLDEzOTg3MzYxNA02002ZmCHZXr?s=ap','2025-06-07 21:47:04.481','2025-06-07 21:47:04.481'),('cmbmrmi71001h7pl7vib4g5gj','cmbmripvs001b7pl74088paet',60,'USD','COMPLETED','STRIPE','in_1RXUZoFm1KtXfZEPIlgExnQ2',NULL,NULL,NULL,'https://invoice.stripe.com/i/acct_1RALq0Fm1KtXfZEP/test_YWNjdF8xUkFMcTBGbTFLdFhmWkVQLF9TU1BPZWRQUUZpNzZNOHhabkNyNHlKaXhEQUNWTEVTLDEzOTg3MzY2MQ0200wgYXIqQa?s=ap','2025-06-07 21:47:51.326','2025-06-07 21:47:51.326'),('cmbntipmf0001g7032qoahe9r','cmbnt0vxb00061418za62i4bs',0,'USD','COMPLETED','STRIPE','in_1RXl96Fm1KtXfZEP2aHmMOZO',NULL,NULL,NULL,'https://invoice.stripe.com/i/acct_1RALq0Fm1KtXfZEP/test_YWNjdF8xUkFMcTBGbTFLdFhmWkVQLF9TU2dXOG01RmU3bWhrVkV3bHNVaXNMUk1WbUsxenhhLDEzOTkzNzMwOQ0200bO3fpqkd?s=ap','2025-06-08 15:28:39.735','2025-06-08 15:28:39.735'),('cmbntu1ga00017c5puqmecuw5','cmbnt0y8e00191418rnrdlv5t',0,'USD','COMPLETED','STRIPE','in_1RXlHPFm1KtXfZEPAgtg69x0',NULL,NULL,NULL,'https://invoice.stripe.com/i/acct_1RALq0Fm1KtXfZEP/test_YWNjdF8xUkFMcTBGbTFLdFhmWkVQLF9TU2dlckh1bW9sMlJCWWFISDVWVHo5ZlNRNHA1WlE1LDEzOTkzNzgyNA0200zAj67Fbv?s=ap','2025-06-08 15:37:28.282','2025-06-08 15:37:28.282');
/*!40000 ALTER TABLE `payment` ENABLE KEYS */;
UNLOCK TABLES;

--
-- Table structure for table `plan`
--

DROP TABLE IF EXISTS `plan`;
/*!40101 SET @saved_cs_client     = @@character_set_client */;
/*!50503 SET character_set_client = utf8mb4 */;
CREATE TABLE `plan` (
  `id` varchar(191) COLLATE utf8mb4_unicode_ci NOT NULL,
  `name` varchar(191) COLLATE utf8mb4_unicode_ci NOT NULL,
  `description` varchar(191) COLLATE utf8mb4_unicode_ci NOT NULL,
  `price` double NOT NULL,
  `currency` varchar(191) COLLATE utf8mb4_unicode_ci NOT NULL,
  `interval` enum('MONTH','SEMESTER','YEAR') COLLATE utf8mb4_unicode_ci NOT NULL,
  `features` json NOT NULL,
  `stripe_price_id` varchar(191) COLLATE utf8mb4_unicode_ci DEFAULT NULL,
  `is_highlighted` tinyint(1) NOT NULL DEFAULT '0',
  `savings_text` varchar(191) COLLATE utf8mb4_unicode_ci DEFAULT NULL,
  `is_visible` tinyint(1) NOT NULL DEFAULT '1',
  `created_at` datetime(3) NOT NULL DEFAULT CURRENT_TIMESTAMP(3),
  `updated_at` datetime(3) NOT NULL,
  `license_count` int NOT NULL DEFAULT '1',
  PRIMARY KEY (`id`),
  UNIQUE KEY `Plan_stripe_price_id_key` (`stripe_price_id`),
  KEY `Plan_interval_idx` (`interval`)
) ENGINE=InnoDB DEFAULT CHARSET=utf8mb4 COLLATE=utf8mb4_unicode_ci;
/*!40101 SET character_set_client = @saved_cs_client */;

--
-- Dumping data for table `plan`
--

LOCK TABLES `plan` WRITE;
/*!40000 ALTER TABLE `plan` DISABLE KEYS */;
INSERT INTO `plan` VALUES ('cmbfhg5zq000012u95bbulkiv','Mensual','Perfecto para probar nuestros plugins o proyectos cortos.',0.01,'USD','MONTH','[\"Todos los plugins\", \"Actualizaciones\", \"Soporte tcnico\"]','price_1RVeTfFm1KtXfZEPVIcWqc2U',0,NULL,1,'2025-06-02 19:28:36.182','2025-06-02 19:56:59.821',1),('cmbfhg603000112u9xr1mxa4d','Semestral','Nuestro plan ms popular para negocios en crecimiento.',60,'USD','SEMESTER','[\"Todos los plugins\", \"Actualizaciones\", \"Soporte tcnico\"]','price_1RWhDZFm1KtXfZEPzvwjxHZJ',1,'17% DE DESCUENTO',1,'2025-06-02 19:28:36.195','2025-06-05 17:04:41.501',1),('cmbfhg60f000212u9s8noy5e6','Membresa - Bsica Anual - 1 Sitio','Plan year',115,'USD','YEAR','[]','price_1RWhDnFm1KtXfZEPiCkd1OEK',0,'20% DE DESCUENTO',0,'2025-06-02 19:28:36.208','2025-06-08 15:14:34.781',1),('cmbnt0vx000041418uqkenzjh','Membresa - Bsica Anual - 1 Sitio','Plan year',56.9,'USD','YEAR','[]','price_1RXl1xFm1KtXfZEPzNQCSeBy',0,NULL,0,'2025-06-08 15:14:48.085','2025-06-08 15:21:05.181',1),('cmbnt0w4400081418nydpgh4w','Especial - Ventana Digital - 25 sitios','Plan month',116,'USD','MONTH','[]',NULL,0,NULL,0,'2025-06-08 15:14:48.341','2025-06-08 15:14:48.341',26),('cmbnt0wbd000c1418a4li9d1p','Membresa - Bsica Anual - 1 Sitio','Plan year',66,'USD','YEAR','[]',NULL,0,NULL,0,'2025-06-08 15:14:48.602','2025-06-08 15:14:55.453',1),('cmbnt0xfx000v1418nlynvhyy','Membresa - Bsica - 1 Sitio','Plan month',72,'USD','MONTH','[]',NULL,0,NULL,0,'2025-06-08 15:14:50.061','2025-06-08 15:14:50.061',1),('cmbnt0yxh001k1418lqagvzno','Membresa - Bsica - 1 Sitio','Plan month',6,'USD','MONTH','[]',NULL,0,NULL,0,'2025-06-08 15:14:51.990','2025-06-08 15:14:55.221',1),('cmbnt0zga001u1418qcng8dru','Membresa - Bsica - 1 Sitio','Plan month',5.17,'USD','MONTH','[]',NULL,0,NULL,0,'2025-06-08 15:14:52.667','2025-06-08 15:14:54.262',1),('cmbnt0zsx00211418qr3ten3p','Membresa - Pro - 3 Sitios','Plan month',15,'USD','MONTH','[]',NULL,0,NULL,0,'2025-06-08 15:14:53.121','2025-06-08 15:14:53.121',3),('dfghdfghdfghdfghfdghdfgh','Custom','Plan Custom',928.18,'USD','MONTH','[\"Todos los plugins\", \"Actualizaciones\", \"Soporte tcnico\"]','price_1RWJgEFm1KtXfZEPb0muai9d',0,NULL,0,'2025-06-02 19:28:36.182','2025-06-04 15:56:42.966',4);
/*!40000 ALTER TABLE `plan` ENABLE KEYS */;
UNLOCK TABLES;

--
-- Table structure for table `pluginversion`
--

DROP TABLE IF EXISTS `pluginversion`;
/*!40101 SET @saved_cs_client     = @@character_set_client */;
/*!50503 SET character_set_client = utf8mb4 */;
CREATE TABLE `pluginversion` (
  `id` varchar(191) COLLATE utf8mb4_unicode_ci NOT NULL,
  `plugin_slug` varchar(191) COLLATE utf8mb4_unicode_ci NOT NULL,
  `version` varchar(191) COLLATE utf8mb4_unicode_ci NOT NULL,
  `file_name` varchar(191) COLLATE utf8mb4_unicode_ci NOT NULL,
  `file_path_server` varchar(191) COLLATE utf8mb4_unicode_ci NOT NULL,
  `created_at` datetime(3) NOT NULL DEFAULT CURRENT_TIMESTAMP(3),
  `updated_at` datetime(3) NOT NULL,
  PRIMARY KEY (`id`),
  UNIQUE KEY `PluginVersion_plugin_slug_version_key` (`plugin_slug`,`version`),
  KEY `PluginVersion_plugin_slug_idx` (`plugin_slug`)
) ENGINE=InnoDB DEFAULT CHARSET=utf8mb4 COLLATE=utf8mb4_unicode_ci;
/*!40101 SET character_set_client = @saved_cs_client */;

--
-- Dumping data for table `pluginversion`
--

LOCK TABLES `pluginversion` WRITE;
/*!40000 ALTER TABLE `pluginversion` DISABLE KEYS */;
INSERT INTO `pluginversion` VALUES ('cmbmps32w00047pl7rvb4d010','mercadopago-tools-pro-para-gravity-forms-con-suscripciones','1.5','gfkmercadopago.zip','mercadopago-tools-pro-para-gravity-forms-con-suscripciones\\1.5-5345a54a-e947-47f8-b3b6-8240eb83ce0c.zip','2025-06-07 20:56:12.440','2025-06-07 20:56:12.440'),('cmbmptejt00057pl7n006k36m','boton-de-integracion-de-megasoft-con-prestashop','1.0.1','kmegasoft.zip','boton-de-integracion-de-megasoft-con-prestashop\\1.0.1-37c938f4-44f1-4888-8071-2ea3c33f05f8.zip','2025-06-07 20:57:13.961','2025-06-07 20:57:13.961'),('cmbmpu86q00067pl7dj9q09qa','boton-de-integracion-de-megasoft-con-woocommerce','1.0.2','woocommerce-kmegasoft.zip','boton-de-integracion-de-megasoft-con-woocommerce\\1.0.2-0d75261c-530a-4fb6-931f-80adaf8760df.zip','2025-06-07 20:57:52.370','2025-06-07 20:57:52.370'),('cmbmpv4zh00077pl78y0gbsx5','zoom-transportista-de-envios-en-venezuela-para-prestashop','1.1.3','zoomve.zip','zoom-transportista-de-envios-en-venezuela-para-prestashop\\1.1.3-3dc1023a-b3ab-47a8-9697-d182f4fe9047.zip','2025-06-07 20:58:34.877','2025-06-07 20:58:34.877'),('cmbmpx0yv00087pl7ti48h141','crear-cupones-para-la-primera-compra-en-prestashop','1.0.2','cartrulefirstorder.zip','crear-cupones-para-la-primera-compra-en-prestashop\\1.0.2-5bf4d3a6-c4a8-4bd8-9ba2-ddd902be8fe6.zip','2025-06-07 21:00:02.984','2025-06-07 21:00:02.984'),('cmbmpy59100097pl7x1vre31z','notificaciones-por-telegram-para-prestashop','1.0.1','telegramnotify.zip','notificaciones-por-telegram-para-prestashop\\1.0.1-faea508a-f9fd-4d68-a52e-8f908ea653af.zip','2025-06-07 21:00:55.189','2025-06-07 21:00:55.189'),('cmbmpyrpo000a7pl7vnz7eafy','notificaciones-por-telegram-para-woocommerce','1.1.0','woocommerce-telegramnotify.zip','notificaciones-por-telegram-para-woocommerce\\1.1.0-da2fdd39-a83b-4546-b196-1cdea1bd748f.zip','2025-06-07 21:01:24.300','2025-06-07 21:01:24.300'),('cmbmpzoxl000b7pl7ead2zz1e','binance-pay-para-prestashop','1.3.1','kbinancepay.zip','binance-pay-para-prestashop\\1.3.1-553b96e6-20a0-442d-b0f7-3b689f080106.zip','2025-06-07 21:02:07.354','2025-06-07 21:02:07.354'),('cmbmq1lv3000c7pl7jxuz5jwo','tasa-bcv-automatica-para-woocommerce-curcy-woocs-fox','1.0.2','woocommerce-bcvautoupdate.zip','tasa-bcv-automatica-para-woocommerce-curcy-woocs-fox\\1.0.2-996fdd64-23c0-4898-b19f-b25bcb49297c.zip','2025-06-07 21:03:36.687','2025-06-07 21:03:36.687'),('cmbmq2peu000d7pl7u1thu1jf','biopago-y-tarjetas-de-debito-del-banco-de-venezuela-para-woocommerce','3.1.5','woocommerce-biopagovzla.zip','biopago-y-tarjetas-de-debito-del-banco-de-venezuela-para-woocommerce\\3.1.5-f0ee0c53-4d83-4b58-933e-8a65515d086d.zip','2025-06-07 21:04:27.942','2025-06-07 21:04:27.942'),('cmbmq3pln000e7pl7dftn05om','biopago-y-tarjetas-de-debito-del-banco-de-venezuela-para-prestashop','2.0.5','kbiopago.zip','biopago-y-tarjetas-de-debito-del-banco-de-venezuela-para-prestashop\\2.0.5-07c37c04-8690-420a-8573-1efab6cd79fd.zip','2025-06-07 21:05:14.844','2025-06-07 21:05:14.844'),('cmbmq4e7d000f7pl7kaehmku3','boton-de-integracion-de-pago-movil-del-banco-de-venezuela-con-prestashop','1.0.3','kbdvpagomovil.zip','boton-de-integracion-de-pago-movil-del-banco-de-venezuela-con-prestashop\\1.0.3-a0643463-eae1-4713-ab7b-58952f0a9b3c.zip','2025-06-07 21:05:46.729','2025-06-07 21:05:46.729'),('cmbmq5mq6000g7pl7alh79x57','boton-de-pago-movil-del-banco-de-venezuela-para-woocommerce','2.0.2','woocommerce-kbdvpagomovil.zip','boton-de-pago-movil-del-banco-de-venezuela-para-woocommerce\\2.0.2-aef17690-f88d-4e75-9ccd-13ac2fc7da38.zip','2025-06-07 21:06:44.430','2025-06-07 21:06:44.430'),('cmbmq8bmj000h7pl7p6y4zv7m','oca-para-woocommerce','1.5.2','carriers-of-argentina-for-woocommerce.zip','oca-para-woocommerce\\1.5.2-5e7d23e6-ad7a-400c-a674-56bf4a524da8.zip','2025-06-07 21:08:50.011','2025-06-07 21:08:50.011'),('cmbmq8nzg000i7pl7eme1ytnq','correo-argentino-para-woocommerce','1.5.2','carriers-of-argentina-for-woocommerce.zip','correo-argentino-para-woocommerce\\1.5.2-8dce1b10-d496-4e75-8a76-bd1db8ff6c96.zip','2025-06-07 21:09:06.029','2025-06-07 21:09:06.029'),('cmbmq91nj000j7pl7tdvxpiib','andreani-para-woocommerce','1.5.2','carriers-of-argentina-for-woocommerce.zip','andreani-para-woocommerce\\1.5.2-c47eb3cc-3911-4210-8bc2-c522ff249f03.zip','2025-06-07 21:09:23.744','2025-06-07 21:09:23.744'),('cmbmqa7dh000k7pl7w4sgfhqx','venezolano-de-credito-para-woocommerce-con-c2p-y-pago-movil','1.1.4','woocommerce-venezolano.zip','venezolano-de-credito-para-woocommerce-con-c2p-y-pago-movil\\1.1.4-d3900481-d3b8-4b7a-99f4-1cba9bb70d48.zip','2025-06-07 21:10:17.814','2025-06-07 21:10:17.814'),('cmbmqb69h000l7pl7iegqabbz','pasarela-de-pago-banco-mercantil-para-prestashop-acepta-tarjetas-de-debito','1.2.4','bmercantilvnzla.zip','pasarela-de-pago-banco-mercantil-para-prestashop-acepta-tarjetas-de-debito\\1.2.4-489c6feb-04a5-4733-8a2b-4383a6e8514f.zip','2025-06-07 21:11:03.030','2025-06-07 21:11:03.030'),('cmbmqcbqd000m7pl7obgpnc38','mercantil-banco-venezuela-para-woocommerce','1.2.3','woocommerce-mercantil.zip','mercantil-banco-venezuela-para-woocommerce\\1.2.3-224495ac-6a3a-4401-8956-f0cc6d1831a4.zip','2025-06-07 21:11:56.773','2025-06-07 21:11:56.773'),('cmbmqed62000n7pl7u165kkhr','zippin-argentina-para-prestashop','1.1.6','kzippin.zip','zippin-argentina-para-prestashop\\1.1.6-d8e633cf-5727-4516-b56c-f87428c56d8e.zip','2025-06-07 21:13:31.946','2025-06-07 21:13:31.946'),('cmbmqfcll000o7pl77ojc8qsf','oca-para-prestashop-cotizacion-generacion-de-guias-y-rastreo-de-paquetes','4.6.3','kocashipping.zip','oca-para-prestashop-cotizacion-generacion-de-guias-y-rastreo-de-paquetes\\4.6.3-792776f9-b38f-47d1-b8fb-02fa847fb410.zip','2025-06-07 21:14:17.866','2025-06-07 21:14:17.866'),('cmbmqgg2v000p7pl7etk9euz8','contactar-clientes-por-whatsapp-desde-el-administrador-de-woocommerce','1.0.6','woocommerce-kwhatsapporders.zip','contactar-clientes-por-whatsapp-desde-el-administrador-de-woocommerce\\1.0.6-bcd86300-6eae-4381-b1be-fee44aca853e.zip','2025-06-07 21:15:09.032','2025-06-07 21:15:09.032'),('cmbmqhhll000q7pl7pnjn89e7','mrw-y-menssajero-venezuela-para-woocommerce','1.0.7','woocommerce-kmrwve.zip','mrw-y-menssajero-venezuela-para-woocommerce\\1.0.7-92a3e494-227e-4f7d-b4c3-ccf4e2ff6786.zip','2025-06-07 21:15:57.657','2025-06-07 21:15:57.657'),('cmbmqij25000r7pl707paha94','zoom-transportista-de-envios-en-venezuela-para-woocommerce','2.1.0','woocommerce-zoomve.zip','zoom-transportista-de-envios-en-venezuela-para-woocommerce\\2.1.0-0e7540fa-5e84-46f3-a6f1-ec62060845dd.zip','2025-06-07 21:16:46.206','2025-06-07 21:16:46.206'),('cmbmqlafg000s7pl7eukpk4qq','boton-de-pago-movil-y-bt-pagos-del-banco-del-tesoro-para-woocommerce','1.0.6','woocommerce-kbdtpagomovil.zip','boton-de-pago-movil-y-bt-pagos-del-banco-del-tesoro-para-woocommerce\\1.0.6-3b04a618-8c84-4f6a-a450-765745a7f3c2.zip','2025-06-07 21:18:54.989','2025-06-07 21:18:54.989'),('cmbmqm8bq000t7pl7h1bw4hd3','mercadopago-para-woocommerce','2.2.2','woocommerce-kmercadopago.zip','mercadopago-para-woocommerce\\2.2.2-327d566f-2405-4d67-9cdf-aae48abbf882.zip','2025-06-07 21:19:38.918','2025-06-07 21:19:38.918'),('cmbmqo0h1000u7pl7qi026wps','andreani-para-prestashop-cotizacion-generacion-de-guias-y-rastreo-de-paquetes','1.6.5','kandreani.zip','andreani-para-prestashop-cotizacion-generacion-de-guias-y-rastreo-de-paquetes\\1.6.5-dcf81f6f-6172-414f-8e7a-a73ec49544b7.zip','2025-06-07 21:21:02.053','2025-06-07 21:21:02.053'),('cmbmqphvz000v7pl7ksbz8pn2','mercadopago-tools-pro-para-prestashop','5.5.8','mptoolspro.zip','mercadopago-tools-pro-para-prestashop\\5.5.8-bcb83376-918e-4811-9cf7-a6e88502627d.zip','2025-06-07 21:22:11.279','2025-06-07 21:22:11.279'),('cmbmqrcym000w7pl7rlr642je','boton-de-pago-del-banco-bnc-para-plugin-woocommerce-wordpress','1.1.3','woocommerce-bncvpos.zip','boton-de-pago-del-banco-bnc-para-plugin-woocommerce-wordpress\\1.1.3-da3ec1ca-65ea-4a88-8101-1a53619d171b.zip','2025-06-07 21:23:38.207','2025-06-07 21:23:38.207');
/*!40000 ALTER TABLE `pluginversion` ENABLE KEYS */;
UNLOCK TABLES;

--
-- Table structure for table `user`
--

DROP TABLE IF EXISTS `user`;
/*!40101 SET @saved_cs_client     = @@character_set_client */;
/*!50503 SET character_set_client = utf8mb4 */;
CREATE TABLE `user` (
  `id` varchar(191) COLLATE utf8mb4_unicode_ci NOT NULL,
  `email` varchar(191) COLLATE utf8mb4_unicode_ci NOT NULL,
  `password` varchar(191) COLLATE utf8mb4_unicode_ci NOT NULL,
  `name` varchar(191) COLLATE utf8mb4_unicode_ci NOT NULL,
  `country` varchar(191) COLLATE utf8mb4_unicode_ci NOT NULL,
  `billing_full_name` varchar(191) COLLATE utf8mb4_unicode_ci DEFAULT NULL,
  `billing_phone` varchar(191) COLLATE utf8mb4_unicode_ci DEFAULT NULL,
  `billing_tax_id` varchar(191) COLLATE utf8mb4_unicode_ci DEFAULT NULL,
  `billing_address` varchar(191) COLLATE utf8mb4_unicode_ci DEFAULT NULL,
  `created_at` datetime(3) NOT NULL DEFAULT CURRENT_TIMESTAMP(3),
  `updated_at` datetime(3) NOT NULL,
  `reset_token` text COLLATE utf8mb4_unicode_ci,
  `reset_token_expires` datetime(3) DEFAULT NULL,
  PRIMARY KEY (`id`),
  UNIQUE KEY `User_email_key` (`email`),
  KEY `User_email_idx` (`email`)
) ENGINE=InnoDB DEFAULT CHARSET=utf8mb4 COLLATE=utf8mb4_unicode_ci;
/*!40101 SET character_set_client = @saved_cs_client */;

--
-- Dumping data for table `user`
--

LOCK TABLES `user` WRITE;
/*!40000 ALTER TABLE `user` DISABLE KEYS */;
INSERT INTO `user` VALUES ('cmbfie4kb000419c3g6t0ep1o','kijamar@gmail.com','$2a$10$Wt6Qz2tee0U0ps06SPz4oOsixwST0CpI.Pcyfl/WokI/YZC6HkYaO','kijamar@gmail.com','AR',NULL,NULL,NULL,NULL,'2025-06-02 19:55:00.635','2025-06-02 19:55:00.635',NULL,NULL),('cmbh572jx0000f1zs9w2ckvja','kijamar3@gmail.com','$2a$10$iS.zqXgEiLzRUfExn/5qi.937AyjYiILsCRLQemaGUr.2l7/CDQOO','cgfdg','BO',NULL,NULL,NULL,NULL,'2025-06-03 23:21:08.778','2025-06-03 23:21:08.778',NULL,NULL),('cmbh5hkp90001f1zsz5ui7zzw','kijamve@gmail.com','$2a$10$c5uIv04/h0bsYvA.65cp5uUUNkNzhNwUMBwSi3WLWT8o1Jb6k2gES','kijamve','VE',NULL,NULL,NULL,NULL,'2025-06-03 23:29:18.861','2025-06-03 23:29:18.861',NULL,NULL),('cmbh5lbsl0002f1zswfbatfns','asdfas2r2f32f3@mailinator.com','$2a$10$tW6npHwK9Cu18asY7lFBqenD4tYlw6uFOMxHwEr5GgapPQDj9jaLC','asdfas2r2f32f3','VE',NULL,NULL,NULL,NULL,'2025-06-03 23:32:13.941','2025-06-03 23:32:13.941',NULL,NULL),('cmbh5mqjp0003f1zs2evkb93z','sdcascsdcsdc@mailinator.com','$2a$10$3sAkvU92NDcsq0wrp8U2RuImkTn6cQSkd8JcSdYcYsvqtTUkyu7l2','sdcascsdcsdc','VE',NULL,NULL,NULL,NULL,'2025-06-03 23:33:19.717','2025-06-03 23:33:19.717',NULL,NULL),('cmbh5wowe0004f1zsadpshnwj','ascasasc@mailinator.com','$2a$10$/VLB8iUHkLyi4cchUUPm5O9hbh8KMjx2MV227XN.i3BF5pYn.WFFS','ascasasc','VE',NULL,NULL,'',NULL,'2025-06-03 23:41:04.142','2025-06-03 23:41:04.142',NULL,NULL),('cmbh66ph50005f1zs51tsq8b7','sdfasfsdf@mailinator.com','$2a$10$kskc3043LG95nxI2S/rbVOHoATf21hIL/h1hGBi23I1ffK6130mBa','sdfasfsdf','VE','retwerter','sdfgsdfg','J-503927194','dfgsfdgsdf','2025-06-03 23:48:51.450','2025-06-03 23:48:51.450',NULL,NULL),('cmbh6c9s70006f1zsjy8h6dr0','asdfasdf@mailinator.com','$2a$10$1Isw8/f/RTqWkWewF15xIuqKGhbvnlArBXmwLkeSaKPO8.eXZWA8C','asdfasdf','CO',NULL,NULL,NULL,NULL,'2025-06-03 23:53:11.048','2025-06-03 23:53:11.048',NULL,NULL),('cmbh6cvsi0007f1zshz47bylo','csafasdf@mailinator.com','$2a$10$.XIRJPXirE4HdYo2W3tum.glBX4xYJP2/3vdUN6BP.EZzt3iyd1zO','fghfgh','VE',NULL,NULL,'fgfthf',NULL,'2025-06-03 23:53:39.570','2025-06-03 23:53:39.570',NULL,NULL),('cmbh6kpuq0008f1zsvqg02dtq','kijamdfsdfsdfar@gmail.com','$2a$10$PnFQMrfX0x4YPj0.bI/3Nuflh6jIOSxHhhSigDbWL4uYMRgBHML9i','cgbfhg','VE',NULL,NULL,'V-17979410',NULL,'2025-06-03 23:59:45.122','2025-06-03 23:59:45.122',NULL,NULL),('cmbh6m0tl0009f1zsdjjskuox','wfewfe@gmail.com','$2a$10$7.5Ymzte5w0YVU1Rp9AsZeWZEtA77heBn5yBzLqy7l.MD3UtLvSVi','wfewfe','CO',NULL,NULL,NULL,NULL,'2025-06-04 00:00:45.993','2025-06-04 00:00:45.993',NULL,NULL),('cmbh6mieb000af1zs0zrorg82','drfgsdfgdfg@mailinator.com','$2a$10$.pP3xZIyJb2eBfuk7FMJQ.VO4gvH2CntWk0r4cElfvqEIBFHdaJG2','drfgsdfgdfg','CO',NULL,NULL,NULL,NULL,'2025-06-04 00:01:08.772','2025-06-04 00:01:08.772',NULL,NULL),('cmbh6neov000bf1zs598a7bjg','sdfasfasfd@mailinator.com','$2a$10$2E4KL9qs0JbPz88loHYIDOjsGq0Bmy9sP1dmMKcazDVcblH7uDwxm','fghdfghfdgh','VE',NULL,NULL,'E-342342',NULL,'2025-06-04 00:01:50.624','2025-06-04 00:01:50.624',NULL,NULL),('cmbh6qyut000cf1zsqaqnkje6','sdasdfasd@mailinator.com','$2a$10$LV4jIZVujl3NQUF6RKI0murVvNx71ky6dnZ2/tRwp/Y537Ilus.zi','fdgsdfg','VE',NULL,NULL,'V-435345','fgsdfgsdfg','2025-06-04 00:04:36.726','2025-06-04 00:04:36.726',NULL,NULL),('cmbh7565n0000ua8l0c94rehk','fghfhdfg@mailinator.com','$2b$10$FqCx93k9uWEnM8.uooK/L.Mr9Nd.oGgn20KtrJI6FHW8DEzg2w0b2','fghfhdfg','PE',NULL,NULL,NULL,NULL,'2025-06-04 00:15:39.371','2025-06-04 00:29:28.205',NULL,NULL),('cmbh7ntdp00003fluwpbkksm8','asdfasdfasdf@mailinator.com','$2b$10$mAE9Ca9y6Tdao9lYiZ0TE.q4QTs.gAGJVoNiFB/UuAHIxFvUG0hrm','asdfasdfasdf','CO',NULL,NULL,NULL,NULL,'2025-06-04 00:30:09.277','2025-06-04 00:30:09.277',NULL,NULL),('cmbh7pnkk00013fluniykwhdc','asdfasdfsfasd@mailinator.com','$2b$10$xFIUJ6/xKHqTSTZxVlmqEuPNfwwtaM1PwhpPMnVSSLNqZKDmyUNSC','asdfasdfsfasd','CO',NULL,NULL,NULL,NULL,'2025-06-04 00:31:35.060','2025-06-04 00:31:35.060',NULL,NULL),('cmbhat93o0004fdtdhbmde6u4','fsafsdfsd@mailinator.com','$2b$10$7vEIpGFUWAq3OgQ4CG9Hl.ZMVEq4LA07NUVK8sebjrWN8AvV2Uxzy','kijam','VE',NULL,NULL,'V-18111222','04128881122','2025-06-04 01:58:21.780','2025-06-04 01:58:21.780',NULL,NULL),('cmbhb05v600001mvjw79llked','tfhgfdghbdfgbdfg@mailinator.com','$2b$10$okLTlpDTydVDhMkUo7wWDOkysvCECzuyycNl/XncHpK/XjAuQrOOC','dfgsdfgdf','VE',NULL,NULL,'V-123123','fdasdfadf','2025-06-04 02:03:44.178','2025-06-04 02:03:44.178',NULL,NULL),('cmbhdcmye000fonuuna7y9tnm','fdsgfsdsfdvsdf@mailinator.com','$2b$10$xhX7lofhJqeRsk6F2wODAuiytjj4/lXUNHaQ4iRjZ9PVMCsCW1.eK','Kijam','VE',NULL,NULL,'V-17979410','Caracas','2025-06-04 03:09:25.431','2025-06-04 03:09:25.431',NULL,NULL),('cmbhemgdx00094ifk7gbhxatn','dafasdfsifda@mailinator.com','$2b$10$6DtjmFdLoM4VvBsdEGypWeeX6yE93PEa7.vewpX7RmZw84MtXs9Ea','dafasdfsifda','VE','Prueba','04123339922','J-299991110','Caracas VE','2025-06-04 03:45:03.094','2025-06-04 03:45:03.094',NULL,NULL),('cmbhev14p000d4ifkutugg7zi','asdfasdfasd32f@mailinator.com','$2b$10$qKjrmum.bMTM1gZ7R1rHGeB1pdRR5HAm2gSJvUc9Vh8.wqK69ka0q','asdfasdfasd32f','VE','sdfgsdfgs','34353455','J-555443330','dfgsdfgs','2025-06-04 03:51:43.225','2025-06-04 03:51:43.225',NULL,NULL),('cmbi4u4bx0004kvvxkau2qeaw','sadfasdfasdf@mailinator.com','$2b$10$eNiaMg8/UnmSOwyBCfxbz.VnVgdUKVml7uxrnG3/j6sOILt8MUCC.','sdfasd asdf','VE',NULL,NULL,'V-22112233','asdfasdfa','2025-06-04 15:58:50.733','2025-06-04 15:58:50.733',NULL,NULL),('cmbjeymvw0000111j1ewk7b1m','ASDasduy8787@mailinator.com','$2b$10$c69sf7RS5qiociNFpVRraObeH/hoFeugWPqP5g1NlQK80DPY0sp/C','Kijam','VE',NULL,NULL,'V-17979410','por alli','2025-06-05 13:30:03.740','2025-06-05 13:30:03.740',NULL,NULL),('cmbjmm2up0000sxcem2yjoyfq','sdfasfasdflokmajkmafsdjkm@mailinator.com','$2b$10$W20vLike3SNre0oD01UiDONWUQ2vH7s5jBgd4yRofzr5ZqdY9iLoq','sdfasfasdflokmajkmafsdjkm','AR',NULL,NULL,NULL,NULL,'2025-06-05 17:04:14.833','2025-06-05 17:04:14.833',NULL,NULL),('cmbjmuuax0001sxcel4lq2d9l','ergfewrdjfmnsdkfjgnk@mailinator.com','$2b$10$gj3HvblT8/ZiMaeE1IoGbOCkm66sTHdzt7EDAqj/RTO/6tyGk0B4e','asdf','VE',NULL,'04124441100','V-222555','asdfasd','2025-06-05 17:11:03.658','2025-06-05 17:11:03.658',NULL,NULL),('cmblcp3h30007sxce0u20g6rt','sdfasdfasdfasdf@mailinator.com','$2b$10$eDvaL2Kic8xdDstJ.qrNHuahXlAGMDh94CiuDGk6U/9bDeiVejn9O','asdfasdf','VE',NULL,'04145553311','V-232323','sdfasdf','2025-06-06 22:02:11.800','2025-06-06 22:02:11.800',NULL,NULL),('cmbmribld00197pl7kbame579','asdaasfdasdf@mailinator.com','$2b$10$1Ik3B4vNm7Y5ANT1AT4dROIPB4HmIG9jAA/VZMMuyLINbnEhUJt7S','asdaasfdasdf','AR',NULL,NULL,NULL,NULL,'2025-06-07 21:44:36.145','2025-06-07 21:44:36.145',NULL,NULL),('cmbnt0is5000014181ykdcri0','owlsunityagency@mailinator.com','$2b$10$4xWXC7UpgPOwZuJmifqxwe8v1GzxxB0girEhC54Y15ABos.dw9LDe','Jonathan Bitriago','VE','Jonathan Bitriago','04121734028','21139440','Urbanizacin Club Hipico Las Trinitarias, Barquisimeto 3001.','2025-06-08 15:14:31.061','2025-06-08 15:14:54.020',NULL,NULL),('cmbnt0vwo000314184tf4w4td','tiempoesmemoria@mailinator.com','$2b$10$WzXH0ZVlWzD3sqT2QyktKO2ZvW4PHl0NJ8kgkYS1gNt3Tp1Fjil7W','Joel Amn','AR',NULL,NULL,NULL,NULL,'2025-06-08 15:14:48.072','2025-06-08 15:14:48.072',NULL,NULL),('cmbnt0w3l00071418ju2m7o59','administracion@mailinator.com','$2b$10$enigKBl4failuZTLtT4rbej95E2.4NfTtjBV0S/s0AZYO.Wi4OU.u','SEGUCALL DIGITAL, C.A.','VE','SEGUCALL DIGITAL, C.A.','04242521880','J501928517','AV SUR CC CENTRO EMPRESARIAL LAGUNITA NIVEL 4 OF. 407, URB LA LAGUNITA, CARACAS','2025-06-08 15:14:48.321','2025-06-08 15:14:48.321',NULL,NULL),('cmbnt0wb2000b1418v2rh6k4g','xerographics1999@mailinator.com','$2b$10$5ULsafx7ENe6FtOUnmbu1.SvUoYwTfD/u3xGWQvTn8UoqFiPp2JJy','Julio Pealoza','VE','Julio Pealoza','04120557754','27938006','Portuguesa','2025-06-08 15:14:48.591','2025-06-08 15:14:49.813',NULL,NULL),('cmbnt0why000f141867dqqfcu','ganaconmodaurbana@mailinator.com','$2b$10$aFlW5vZrevxAXLnmTltfuuyUDuziEi8faEcLP4oKP3EmfvBp/ssom','hector osorio','VE','hector osorio','04147114220','24903603','Carabobo','2025-06-08 15:14:48.838','2025-06-08 15:14:48.838',NULL,NULL),('cmbnt0wos000i1418ao6c11tm','hmedina@mailinator.com','$2b$10$eqa.zN4C.NSyijwHc2KbberOb8PujoDJiUxYy6dxhxwO.cinh9LFW','Sercoinfal C.A.','VE','Sercoinfal C.A.','04144206511','J305910553','Av. ppal Local Industrial Terranostra parcela nro. L-35 Urb. Parque Comercio Industrial Castillito, San Diego 2006, Carabobo, Valencia','2025-06-08 15:14:49.085','2025-06-08 15:14:49.085',NULL,NULL),('cmbnt0wvs000l1418127c8c0y','mfridzon@mailinator.com','$2b$10$hy5pBBnFKgR/namote6iv.nT3.ut8AJwL7wbd/66DcScvBeCb50uC','MOISES FRIDZON','VE','MOISES FRIDZON','04242500970','1097449','Caracas','2025-06-08 15:14:49.337','2025-06-08 15:14:49.337',NULL,NULL),('cmbnt0x2h000o1418wmylbccy','jtirado@mailinator.com','$2b$10$r4nduM.zw6y2.rj/IpAb.OJSZdHQ5.6ioxiuVJp1lZNlVp9z4C00e','Estacin El Consejo S.A','VE','Estacin El Consejo S.A','04144532331','J075601840','Carretera Panamericana Hacienda Santa Teresa, El Consejo Estado Aragua','2025-06-08 15:14:49.577','2025-06-08 15:14:49.577',NULL,NULL),('cmbnt0xfi000u1418bz7t8ueg','jhonnyrea2010@mailinator.com','$2b$10$sj/YmLeSOqyoBFVjXUZ3xefJsvEev05pjBkTH9la35T5dcktsaCzq','Jhonny Rea','VE','Jhonny Rea','04127136957','18622519','La Candelaria, Caracas','2025-06-08 15:14:50.046','2025-06-08 15:14:50.046',NULL,NULL),('cmbnt0xml000y1418ha6xx1sy','espeacke@mailinator.com','$2b$10$uFufLGbJZeY0V/TMKmIWZOofaHqGa9XlXWs80tp.AcRzqfrGoeP96','Carlos Luna','MX',NULL,NULL,NULL,NULL,'2025-06-08 15:14:50.302','2025-06-08 15:14:51.051',NULL,NULL),('cmbnt0xt40011141819nm0sig','gvalerio@mailinator.com','$2b$10$NLxVlf4aDgAaIwpp7f26iu.EzkVvJA9U1V7Oo0acF9D2KCIeVS0we','Gaston Valerio','AR',NULL,NULL,NULL,NULL,'2025-06-08 15:14:50.537','2025-06-08 15:14:50.537',NULL,NULL),('cmbnt0xzy00141418weypormc','gabriel@mailinator.com','$2b$10$TtirJzu42AdyXzAeos6uzePOhIXpjd8yi0etGUBlbzanp9VWMz9c6','Diaz Gabriel Alejandro','AR',NULL,NULL,NULL,NULL,'2025-06-08 15:14:50.782','2025-06-08 15:14:50.782',NULL,NULL),('cmbnt0yed001a1418x9qk7ed7','sistemas@mailinator.com','$2b$10$ET97E/IrRLpAhmuJwvkRsOq7SjJ205Q22Maha4heXjs/8a6FGwgsm','Now de Venezuela CA','VE','Now de Venezuela CA','04121234567','J305766479','Av 3H con Calle 80 #80-05 Local 1 y 2, Maracaibo, Zulia','2025-06-08 15:14:51.301','2025-06-08 15:14:51.301',NULL,NULL),('cmbnt0ykj001d1418amxb4nfp','Administracion3@mailinator.com','$2b$10$ZPDG6FMVIyCURJ8id0NBxOwkTb9VRno6Ca3l.8iUUn4322Tj.YXyi','Pablo Toledo','AR',NULL,NULL,NULL,NULL,'2025-06-08 15:14:51.523','2025-06-08 15:14:51.523',NULL,NULL),('cmbnt0yqo001g141873f4e41w','mktleomarino@mailinator.com','$2b$10$IIwIVgDD.jVwVfM1XoDVWuqgHh0Ms/zNU8mty1uU/rwJFmMwF7Yt.','Leonardo Mario','AR',NULL,NULL,NULL,NULL,'2025-06-08 15:14:51.744','2025-06-08 15:14:51.744',NULL,NULL),('cmbnt0yx5001j1418hn6bvm49','miguelprimavera1@mailinator.com','$2b$10$mu7i5p.NJIgG9YPI8/x6XO/nH9pSonUo0rLnUEoZOze2l/.ehTONq','jose primavera','VE','jose primavera','04142071207','v12761486','subida de oripoto con calle tamanaco cruze con tusmare urb. tusmare casa primavera','2025-06-08 15:14:51.977','2025-06-08 15:14:51.977',NULL,NULL),('cmbnt0z3d001n1418j5rrdpjl','alaingmaldonado@mailinator.com','$2b$10$FR4wO5Eb2iB/.R54axkRWO6aRCiJDC9AI18vkXqf56X2.GE9EQ7Xu','Alaing Maldonado','VE','Alaing Maldonado','04123311226','19961966','Caracas','2025-06-08 15:14:52.202','2025-06-08 15:14:52.202',NULL,NULL),('cmbnt0z9r001q1418xzmzup96','ventas@mailinator.com','$2b$10$d0mxtvzEg40BnEbU.nPmDO/dYzVlfTqU9CmbXd.7FOME62kM1WFpm','Nicolas Salazar','CL',NULL,NULL,NULL,NULL,'2025-06-08 15:14:52.431','2025-06-08 15:14:52.431',NULL,NULL),('cmbnt0zg0001t1418l1z345vi','pmartineznf@mailinator.com','$2b$10$ANGPQ7myOrF6DxDRaIXmjO1JkjUY06dWXPtxW7HPWrkGpUROJb/GK','Paula MARTINEZ','AR',NULL,NULL,NULL,NULL,'2025-06-08 15:14:52.656','2025-06-08 15:14:52.656',NULL,NULL),('cmbnt0zmd001x141851s1l20d','ecoliden@mailinator.com','$2b$10$E4ZwN5sDxtHsdUa9wwl7runjipm3Ya5dp5QFNSqMty9T.phLqJJzq','Eugenio Cesar Oliden','ES',NULL,NULL,NULL,NULL,'2025-06-08 15:14:52.885','2025-06-08 15:14:52.885',NULL,NULL),('cmbnt0zsn0020141808arc3iz','hancho.issa@mailinator.com','$2b$10$tDzVeTx0YaNgsLEt05aoCOLux1Dw0lNkqoVOTD3Ie.lfE2vZf.W36','Hancho Issa','VE','Hancho Issa','04241616368','445451','Caracas','2025-06-08 15:14:53.111','2025-06-08 15:14:53.111',NULL,NULL),('cmbnt0zyq00241418k928gylh','marketingdkp40@mailinator.com','$2b$10$kxrm.9kCkjV8rqM8ixBMeelxBU8i80XGj9Wk2Rsj5WuvUfrJaBcuq','KEISY YUDITH PEREZ CORREA','VE','KEISY YUDITH PEREZ CORREA','04120342306','V16045183','GUARICO, ROSCIO, SAN JUAN DE LOS MORROS','2025-06-08 15:14:53.330','2025-06-08 15:14:53.330',NULL,NULL),('cmbnt105i00271418znwj6v7e','over20233@mailinator.com','$2b$10$6CaMTK928lFwciLd.YV9LO/rN06yA1hv6bGPW5JSy610m3kqAd3n6','Jesus De la rosa','DO',NULL,NULL,NULL,NULL,'2025-06-08 15:14:53.574','2025-06-08 15:14:53.574',NULL,NULL),('cmbnt10bs002a1418w89umtkw','point.app@mailinator.com','$2b$10$zZOVPdJgnHVqpqttuWnLq.pFDBY0AkiW0mffnnVffwV8hyYl1wpga','HSIU HUANG','AR',NULL,NULL,NULL,NULL,'2025-06-08 15:14:53.801','2025-06-08 15:14:53.801',NULL,NULL),('cmbnt10ob002g141883uy8tln','facundoante@mailinator.com','$2b$10$Itw/22PYKB0dfPGQLtl94.hLPHtqsc9jJTpjaxsmCVX869EoOEkIy','Facundo Martin Pieroni','AR',NULL,NULL,NULL,NULL,'2025-06-08 15:14:54.251','2025-06-08 15:14:54.251',NULL,NULL),('cmbnt10uh002j1418d6fafekr','jrojas@mailinator.com','$2b$10$xKKZudrBQtJhsN/nbdmw7efFe.m56t0htC7.EuceTtqbsAR6oe8oy','JESUS ROJAS','US',NULL,NULL,NULL,NULL,'2025-06-08 15:14:54.473','2025-06-08 15:14:54.473',NULL,NULL),('cmbnt110q002m14189ugi3wrx','isabermudezfebres@mailinator.com','$2b$10$h/UftSpK.H1HrI1SQvW8VeoYRA10O3i0Kc0/Ew/uvo9ggqcot6K0i','Isabel Bermudez','VE','Isabel Bermudez','04141365257','17705397','Calle D, Qta Loly, Las Marias, El Hatillo, Caracas','2025-06-08 15:14:54.699','2025-06-08 15:14:54.699',NULL,NULL),('cmbnt1188002p1418tjoboe8i','carovastore@mailinator.com','$2b$10$hZ8O0Cx7DFGOCMrKcXCIYuv0avtOALrShY0TUOYclrCKWLhfxY14W','Liam Fung','VE','Liam Fung','04125052777','29856925','maongo valencia Carabobo','2025-06-08 15:14:54.968','2025-06-08 15:14:54.968',NULL,NULL),('cmbnt11ev002s1418vi1a3zew','j18d11fs77@mailinator.com','$2b$10$SdZtUdpydZxlQc1Vlw8vT.GnAXh3XB1QUYd0g0gzUNpuCZJQFVbIK','JOHN DAVID FERREIRA DOS SANTOS','VE','JOHN DAVID FERREIRA DOS SANTOS','04241925476','V11742654','MIRANDA, BARUTA','2025-06-08 15:14:55.207','2025-06-08 15:14:55.207',NULL,NULL),('cmbnt11le002v1418shfy5wba','kperezleon@mailinator.com','$2b$10$M2lsuOYB86VQbIUu/qK9N.uBwzWXP4thDx8AW.uEgZaR21hKL7Tp2','Karla Patricia Perez Leon','SV',NULL,NULL,NULL,NULL,'2025-06-08 15:14:55.443','2025-06-08 15:14:55.443',NULL,NULL);
/*!40000 ALTER TABLE `user` ENABLE KEYS */;
UNLOCK TABLES;

--
-- Dumping routines for database 'cujiware'
--
/*!40103 SET TIME_ZONE=@OLD_TIME_ZONE */;

/*!40101 SET SQL_MODE=@OLD_SQL_MODE */;
/*!40014 SET FOREIGN_KEY_CHECKS=@OLD_FOREIGN_KEY_CHECKS */;
/*!40014 SET UNIQUE_CHECKS=@OLD_UNIQUE_CHECKS */;
/*!40101 SET CHARACTER_SET_CLIENT=@OLD_CHARACTER_SET_CLIENT */;
/*!40101 SET CHARACTER_SET_RESULTS=@OLD_CHARACTER_SET_RESULTS */;
/*!40101 SET COLLATION_CONNECTION=@OLD_COLLATION_CONNECTION */;
/*!40111 SET SQL_NOTES=@OLD_SQL_NOTES */;

-- Dump completed on 2025-06-08 12:49:46
