[
  {
    "id": 61,
    "name": "Estándar",
    "description": "OCA Normal a domicilio",
    "status": "active",
    "shipping_company": {
      "id": 17500240,
      "name": "OCA"
    },
    "site_id": "MLA",
    "tracks_shipments": true,
    "tracking_url": "https://myaccount.mercadolibre.com.ar/purchases/#{orderId}/shipments/#{shipmentId}/detail",
    "courier_tracking_url": "http://www5.oca.com.ar/ocaepakNet/Views/ConsultaTracking/TrackingConsult.aspx?numberTracking=#{trackingNumber}",
    "picking_type": null,
    "shipping_mode": "me2",
    "carrier_pickup": false
  },
  {
    "id": 151,
    "name": "Estándar",
    "description": "OCA a sucursal",
    "status": "active",
    "shipping_company": {
      "id": 17500240,
      "name": "OCA"
    },
    "site_id": "MLA",
    "tracks_shipments": true,
    "tracking_url": "https://myaccount.mercadolibre.com.ar/purchases/#{orderId}/shipments/#{shipmentId}/detail",
    "courier_tracking_url": "http://www5.oca.com.ar/ocaepakNet/Views/ConsultaTracking/TrackingConsult.aspx?numberTracking=#{trackingNumber}",
    "picking_type": null,
    "shipping_mode": "me2",
    "carrier_pickup": false
  },
  {
    "id": 154,
    "name": "Prioritario",
    "description": "Prioritario",
    "status": "active",
    "shipping_company": {
      "id": 17500240,
      "name": "OCA"
    },
    "site_id": "MLA",
    "tracks_shipments": true,
    "tracking_url": "https://myaccount.mercadolibre.com.ar/purchases/#{orderId}/shipments/#{shipmentId}/detail",
    "courier_tracking_url": "http://www5.oca.com.ar/ocaepakNet/Views/ConsultaTracking/TrackingConsult.aspx?numberTracking=#{trackingNumber}",
    "picking_type": null,
    "shipping_mode": "me1",
    "carrier_pickup": false
  },
  {
    "id": 321,
    "name": "Colecta Retiro Sucursal",
    "description": "Correo Argentino a sucursal",
    "status": "active",
    "shipping_company": {
      "id": 17500940,
      "name": "MercadoEnvios"
    },
    "site_id": "MLA",
    "tracks_shipments": false,
    "tracking_url": "https://myaccount.mercadolibre.com.ar/purchases/#{orderId}/shipments/#{shipmentId}/detail",
    "courier_tracking_url": "http://www.correoargentino.com.ar/empresas/tyt/service.php?cliente=16276000&id=#{trackingNumber}",
    "picking_type": "cross_docking",
    "shipping_mode": "me2",
    "carrier_pickup": false
  },
  {
    "id": 251,
    "name": "Otros",
    "description": "Otros",
    "status": "active",
    "shipping_company": null,
    "site_id": "MLA",
    "tracks_shipments": false,
    "tracking_url": "https://myaccount.mercadolibre.com.ar/purchases/#{orderId}/shipments/#{shipmentId}/detail",
    "courier_tracking_url": null,
    "picking_type": null,
    "shipping_mode": "me1",
    "carrier_pickup": false
  },
  {
    "id": 851,
    "name": "Urbano Estándar",
    "description": "Urbano Estándar",
    "status": "active",
    "shipping_company": {
      "id": 17502740,
      "name": "Urbano"
    },
    "site_id": "MLA",
    "tracks_shipments": true,
    "tracking_url": "https://myaccount.mercadolibre.com.ar/purchases/#{orderId}/shipments/#{shipmentId}/detail",
    "courier_tracking_url": "https://www.urbano.com.ar/urbano3/wbs/cespecifica/xbarra.php?barra=#{trackingNumber}",
    "picking_type": null,
    "shipping_mode": "me2",
    "carrier_pickup": false
  },
  {
    "id": 441,
    "name": "Fulfillment Normal",
    "description": "Fulfillment MercadoEnvios Normal",
    "status": "active",
    "shipping_company": {
      "id": 17500940,
      "name": "MercadoEnvios"
    },
    "site_id": "MLA",
    "tracks_shipments": false,
    "tracking_url": "https://myaccount.mercadolibre.com.ar/purchases/#{orderId}/shipments/#{shipmentId}/detail",
    "courier_tracking_url": null,
    "picking_type": "fulfillment",
    "shipping_mode": "me2",
    "carrier_pickup": false
  },
  {
    "id": 422,
    "name": "Correo Argentino Estándar",
    "description": "Correo Argentino Estándar",
    "status": "active",
    "shipping_company": {
      "id": 17501440,
      "name": "Correo Argentino"
    },
    "site_id": "MLA",
    "tracks_shipments": true,
    "tracking_url": "https://myaccount.mercadolibre.com.ar/purchases/#{orderId}/shipments/#{shipmentId}/detail",
    "courier_tracking_url": "http://www.correoargentino.com.ar/empresas/tyt/service.php?cliente=16276000&id=#{trackingNumber}",
    "picking_type": null,
    "shipping_mode": "me2",
    "carrier_pickup": false
  },
  {
    "id": 832,
    "name": "Andreani sucursal a sucursal",
    "description": "Andreani sucursal a sucursal",
    "status": "active",
    "shipping_company": {
      "id": 17502540,
      "name": "Andreani"
    },
    "site_id": "MLA",
    "tracks_shipments": true,
    "tracking_url": "https://myaccount.mercadolibre.com.ar/purchases/#{orderId}/shipments/#{shipmentId}/detail",
    "courier_tracking_url": "http://seguimiento.andreani.com/envio/#{trackingNumber}",
    "picking_type": null,
    "shipping_mode": "me2",
    "carrier_pickup": false
  },
  {
    "id": 153,
    "name": "OCA Estándar",
    "description": "OCA Estándar",
    "status": "active",
    "shipping_company": {
      "id": 17500240,
      "name": "OCA"
    },
    "site_id": "MLA",
    "tracks_shipments": true,
    "tracking_url": "https://myaccount.mercadolibre.com.ar/purchases/#{orderId}/shipments/#{shipmentId}/detail",
    "courier_tracking_url": "http://www5.oca.com.ar/ocaepakNet/Views/ConsultaTracking/TrackingConsult.aspx?numberTracking=#{trackingNumber}",
    "picking_type": null,
    "shipping_mode": "me1",
    "carrier_pickup": false
  },
  {
    "id": 921,
    "name": "CBT",
    "description": "Cross Border Trade",
    "status": "active",
    "shipping_company": {
      "id": 17502940,
      "name": "CBT Argentina"
    },
    "site_id": "MLA",
    "tracks_shipments": false,
    "tracking_url": "https://cbt.mercadolibre.com/trk/#{trackingNumber}",
    "courier_tracking_url": "https://cbt.mercadolibre.com/trk/#{trackingNumber}",
    "picking_type": null,
    "shipping_mode": "me1",
    "carrier_pickup": false
  },
  {
    "id": 311,
    "name": "Colecta Normal",
    "description": "Normal a domicilio",
    "status": "active",
    "shipping_company": {
      "id": 17500940,
      "name": "MercadoEnvios"
    },
    "site_id": "MLA",
    "tracks_shipments": false,
    "tracking_url": "https://myaccount.mercadolibre.com.ar/purchases/#{orderId}/shipments/#{shipmentId}/detail",
    "courier_tracking_url": "http://tracking.ocasa.com/tracking.aspx?i=18&airbillnumber=#{trackingNumber}",
    "picking_type": "cross_docking",
    "shipping_mode": "me2",
    "carrier_pickup": false
  },
  {
    "id": 581,
    "name": "Colecta Retiro Sucursal",
    "description": "Correo Argentino a sucursal",
    "status": "active",
    "shipping_company": {
      "id": 17500940,
      "name": "MercadoEnvios"
    },
    "site_id": "MLA",
    "tracks_shipments": false,
    "tracking_url": "https://myaccount.mercadolibre.com.ar/purchases/#{orderId}/shipments/#{shipmentId}/detail",
    "courier_tracking_url": "http://www.correoargentino.com.ar/empresas/tyt/service.php?cliente=16276000&id=#{trackingNumber}",
    "picking_type": "cross_docking",
    "shipping_mode": "me2",
    "carrier_pickup": false
  },
  {
    "id": 881,
    "name": "Colecta Retiro Sucursal",
    "description": "Andreani a sucursal",
    "status": "active",
    "shipping_company": {
      "id": 17502540,
      "name": "Andreani"
    },
    "site_id": "MLA",
    "tracks_shipments": true,
    "tracking_url": "https://myaccount.mercadolibre.com.ar/purchases/#{orderId}/shipments/#{shipmentId}/detail",
    "courier_tracking_url": "http://seguimiento.andreani.com/envio/#{trackingNumber}",
    "picking_type": null,
    "shipping_mode": "me2",
    "carrier_pickup": false
  },
  {
    "id": 801,
    "name": "Colecta Retiro Sucursal",
    "description": "Retiro en una sucursal",
    "status": "active",
    "shipping_company": {
      "id": 17501240,
      "name": "OCASA"
    },
    "site_id": "MLA",
    "tracks_shipments": true,
    "tracking_url": "https://myaccount.mercadolibre.com.ar/purchases/#{orderId}/shipments/#{shipmentId}/detail",
    "courier_tracking_url": "http://tracking.ocasa.com/tracking.aspx?i=18&airbillnumber=#{trackingNumber}",
    "picking_type": null,
    "shipping_mode": "me2",
    "carrier_pickup": false
  },
  {
    "id": 931,
    "name": "CBT",
    "description": "Cross Border Trade",
    "status": "active",
    "shipping_company": {
      "id": 17502940,
      "name": "CBT Argentina"
    },
    "site_id": "MLA",
    "tracks_shipments": false,
    "tracking_url": "https://cbt.mercadolibre.com/trk/#{trackingNumber}",
    "courier_tracking_url": "https://cbt.mercadolibre.com/trk/#{trackingNumber}",
    "picking_type": null,
    "shipping_mode": "me1",
    "carrier_pickup": false
  },
  {
    "id": 451,
    "name": "Colecta Moto Express",
    "description": "Moto Express a domicilio",
    "status": "active",
    "shipping_company": {
      "id": 3,
      "name": "Motonorte"
    },
    "site_id": "MLA",
    "tracks_shipments": false,
    "tracking_url": "https://myaccount.mercadolibre.com.ar/purchases/#{orderId}/shipments/#{shipmentId}/detail",
    "courier_tracking_url": "http://tracker.motonorte.com.ar/ml/index.php?tracking=#{trackingNumber}",
    "picking_type": "cross_docking",
    "shipping_mode": "me2",
    "carrier_pickup": false
  },
  {
    "id": 62,
    "name": "Prioritario",
    "description": "OCA Prioritario a domiclio",
    "status": "active",
    "shipping_company": {
      "id": 17500240,
      "name": "OCA"
    },
    "site_id": "MLA",
    "tracks_shipments": true,
    "tracking_url": "https://myaccount.mercadolibre.com.ar/purchases/#{orderId}/shipments/#{shipmentId}/detail",
    "courier_tracking_url": "http://www5.oca.com.ar/ocaepakNet/Views/ConsultaTracking/TrackingConsult.aspx?numberTracking=#{trackingNumber}",
    "picking_type": null,
    "shipping_mode": "me2",
    "carrier_pickup": false
  },
  {
    "id": 681,
    "name": "Colecta Retiro Sucursal",
    "description": "OCA a sucursal",
    "status": "active",
    "shipping_company": {
      "id": 17500240,
      "name": "OCA"
    },
    "site_id": "MLA",
    "tracks_shipments": true,
    "tracking_url": "https://myaccount.mercadolibre.com.ar/purchases/#{orderId}/shipments/#{shipmentId}/detail",
    "courier_tracking_url": "http://www5.oca.com.ar/ocaepakNet/Views/ConsultaTracking/TrackingConsult.aspx?numberTracking=#{trackingNumber}",
    "picking_type": null,
    "shipping_mode": "me2",
    "carrier_pickup": false
  },
  {
    "id": 312,
    "name": "Colecta Express",
    "description": "Prioritario a domicilio",
    "status": "active",
    "shipping_company": {
      "id": 17500940,
      "name": "MercadoEnvios"
    },
    "site_id": "MLA",
    "tracks_shipments": false,
    "tracking_url": "https://myaccount.mercadolibre.com.ar/purchases/#{orderId}/shipments/#{shipmentId}/detail",
    "courier_tracking_url": "https://shipping-frontend.mercadolibre.com.ar/tracking?tracking_number=#{trackingNumber}",
    "picking_type": "cross_docking",
    "shipping_mode": "me2",
    "carrier_pickup": false
  },
  {
    "id": 443,
    "name": "Fulfillment Retiro Sucursal",
    "description": "Fulfillment MercadoEnvios Sucursal",
    "status": "active",
    "shipping_company": {
      "id": 17500940,
      "name": "MercadoEnvios"
    },
    "site_id": "MLA",
    "tracks_shipments": false,
    "tracking_url": "https://myaccount.mercadolibre.com.ar/purchases/#{orderId}/shipments/#{shipmentId}/detail",
    "courier_tracking_url": null,
    "picking_type": "fulfillment",
    "shipping_mode": "me2",
    "carrier_pickup": false
  },
  {
    "id": 591,
    "name": "Estándar",
    "description": "Normal a Domicilio",
    "status": "active",
    "shipping_company": {
      "id": 3,
      "name": "Motonorte"
    },
    "site_id": "MLA",
    "tracks_shipments": true,
    "tracking_url": "https://myaccount.mercadolibre.com.ar/purchases/#{orderId}/shipments/#{shipmentId}/detail",
    "courier_tracking_url": "http://tracker.motonorte.com.ar/ml/index.php?tracking=#{trackingNumber}",
    "picking_type": null,
    "shipping_mode": "me2",
    "carrier_pickup": false
  },
  {
    "id": 64,
    "name": "Prioritario",
    "description": "OCA Prioritario a domiclio",
    "status": "active",
    "shipping_company": {
      "id": 17500240,
      "name": "OCA"
    },
    "site_id": "MLA",
    "tracks_shipments": true,
    "tracking_url": "https://myaccount.mercadolibre.com.ar/purchases/#{orderId}/shipments/#{shipmentId}/detail",
    "courier_tracking_url": "http://www5.oca.com.ar/ocaepakNet/Views/ConsultaTracking/TrackingConsult.aspx?numberTracking=#{trackingNumber}",
    "picking_type": null,
    "shipping_mode": "me2",
    "carrier_pickup": false
  },
  {
    "id": 911,
    "name": "CBT",
    "description": "Cross Border Trade",
    "status": "active",
    "shipping_company": {
      "id": 17502940,
      "name": "CBT Argentina"
    },
    "site_id": "MLA",
    "tracks_shipments": false,
    "tracking_url": "https://cbt.mercadolibre.com/trk/#{trackingNumber}",
    "courier_tracking_url": "https://cbt.mercadolibre.com/trk/#{trackingNumber}",
    "picking_type": null,
    "shipping_mode": "me1",
    "carrier_pickup": false
  },
  {
    "id": 341,
    "name": "Estándar",
    "description": "OCASA Normal a domicilio",
    "status": "active",
    "shipping_company": {
      "id": 17501240,
      "name": "OCASA"
    },
    "site_id": "MLA",
    "tracks_shipments": true,
    "tracking_url": "https://myaccount.mercadolibre.com.ar/purchases/#{orderId}/shipments/#{shipmentId}/detail",
    "courier_tracking_url": "http://tracking.ocasa.com/tracking.aspx?i=18&airbillnumber=#{trackingNumber}",
    "picking_type": null,
    "shipping_mode": "me2",
    "carrier_pickup": false
  },
  {
    "id": 63,
    "name": "Estándar",
    "description": "OCA Normal a domicilio",
    "status": "active",
    "shipping_company": {
      "id": 17500240,
      "name": "OCA"
    },
    "site_id": "MLA",
    "tracks_shipments": true,
    "tracking_url": "https://myaccount.mercadolibre.com.ar/purchases/#{orderId}/shipments/#{shipmentId}/detail",
    "courier_tracking_url": "http://www5.oca.com.ar/ocaepakNet/Views/ConsultaTracking/TrackingConsult.aspx?numberTracking=#{trackingNumber}",
    "picking_type": null,
    "shipping_mode": "me2",
    "carrier_pickup": false
  },
  {
    "id": 831,
    "name": "Andreani Estándar",
    "description": "Andreani Estándar",
    "status": "active",
    "shipping_company": {
      "id": 17502540,
      "name": "Andreani"
    },
    "site_id": "MLA",
    "tracks_shipments": true,
    "tracking_url": "https://myaccount.mercadolibre.com.ar/purchases/#{orderId}/shipments/#{shipmentId}/detail",
    "courier_tracking_url": "http://seguimiento.andreani.com/envio/#{trackingNumber}",
    "picking_type": null,
    "shipping_mode": "me2",
    "carrier_pickup": false
  },
  {
    "id": 351,
    "name": "Prioritario",
    "description": "OCASA Prioritario",
    "status": "active",
    "shipping_company": {
      "id": 17501240,
      "name": "OCASA"
    },
    "site_id": "MLA",
    "tracks_shipments": true,
    "tracking_url": "https://myaccount.mercadolibre.com.ar/purchases/#{orderId}/shipments/#{shipmentId}/detail",
    "courier_tracking_url": "http://tracking.ocasa.com/tracking.aspx?i=18&airbillnumber=#{trackingNumber}",
    "picking_type": null,
    "shipping_mode": "me2",
    "carrier_pickup": false
  },
  {
    "id": 611,
    "name": "Estándar",
    "description": "Normal a Domicilio",
    "status": "active",
    "shipping_company": {
      "id": 17500940,
      "name": "MercadoEnvios"
    },
    "site_id": "MLA",
    "tracks_shipments": true,
    "tracking_url": "https://myaccount.mercadolibre.com.ar/purchases/#{orderId}/shipments/#{shipmentId}/detail",
    "courier_tracking_url": "https://shipping-frontend.mercadolibre.com.ar/tracking?tracking_number=#{trackingNumber}",
    "picking_type": null,
    "shipping_mode": "me2",
    "carrier_pickup": false
  },
  {
    "id": 381,
    "name": "Prioritario",
    "description": "OCA Prioritario a sucursal",
    "status": "active",
    "shipping_company": {
      "id": 17500240,
      "name": "OCA"
    },
    "site_id": "MLA",
    "tracks_shipments": true,
    "tracking_url": "https://myaccount.mercadolibre.com.ar/purchases/#{orderId}/shipments/#{shipmentId}/detail",
    "courier_tracking_url": "http://www5.oca.com.ar/ocaepakNet/Views/ConsultaTracking/TrackingConsult.aspx?numberTracking=#{trackingNumber}",
    "picking_type": null,
    "shipping_mode": "me2",
    "carrier_pickup": false
  },
  {
    "id": 442,
    "name": "Fulfillment Express",
    "description": "Fulfillment MercadoEnvios Express",
    "status": "active",
    "shipping_company": {
      "id": 17500940,
      "name": "MercadoEnvios"
    },
    "site_id": "MLA",
    "tracks_shipments": false,
    "tracking_url": "https://myaccount.mercadolibre.com.ar/purchases/#{orderId}/shipments/#{shipmentId}/detail",
    "courier_tracking_url": null,
    "picking_type": "fulfillment",
    "shipping_mode": "me2",
    "carrier_pickup": false
  },
  {
    "id": 652,
    "name": "Service Test",
    "description": "Servicio de Prueba",
    "status": "active",
    "shipping_company": {
      "id": 3,
      "name": "Motonorte"
    },
    "site_id": "MLA",
    "tracks_shipments": true,
    "tracking_url": "https://shipping-frontend.mercadolibre.com.ar/tracking?tracking_number=#{trackingNumber}",
    "courier_tracking_url": "http://tracker.motonorte.com.ar/ml/index.php?tracking=#{trackingNumber}",
    "picking_type": null,
    "shipping_mode": "me2",
    "carrier_pickup": true
  },
  {
    "id": 431,
    "name": "Estándar",
    "description": "Correo Argentino sucursal a sucursal",
    "status": "active",
    "shipping_company": {
      "id": 17501440,
      "name": "Correo Argentino"
    },
    "site_id": "MLA",
    "tracks_shipments": true,
    "tracking_url": "https://myaccount.mercadolibre.com.ar/purchases/#{orderId}/shipments/#{shipmentId}/detail",
    "courier_tracking_url": "http://www.correoargentino.com.ar/empresas/tyt/service.php?cliente=16276000&id=#{trackingNumber}",
    "picking_type": null,
    "shipping_mode": "me2",
    "carrier_pickup": false
  },
  {
    "id": 671,
    "name": "Colecta Retiro Sucursal",
    "description": "Correo Argentino a sucursal",
    "status": "active",
    "shipping_company": {
      "id": 17501440,
      "name": "Correo Argentino"
    },
    "site_id": "MLA",
    "tracks_shipments": true,
    "tracking_url": "https://myaccount.mercadolibre.com.ar/purchases/#{orderId}/shipments/#{shipmentId}/detail",
    "courier_tracking_url": "http://www.correoargentino.com.ar/empresas/tyt/service.php?cliente=16276000&id=#{trackingNumber}",
    "picking_type": null,
    "shipping_mode": "me2",
    "carrier_pickup": false
  },
  {
    "id": 152,
    "name": "Estándar",
    "description": "OCA a sucursal",
    "status": "active",
    "shipping_company": {
      "id": 17500240,
      "name": "OCA"
    },
    "site_id": "MLA",
    "tracks_shipments": true,
    "tracking_url": "https://myaccount.mercadolibre.com.ar/purchases/#{orderId}/shipments/#{shipmentId}/detail",
    "courier_tracking_url": "http://www5.oca.com.ar/ocaepakNet/Views/ConsultaTracking/TrackingConsult.aspx?numberTracking=#{trackingNumber}",
    "picking_type": null,
    "shipping_mode": "me2",
    "carrier_pickup": false
  },
  {
    "id": 81,
    "name": "Moto Express",
    "description": "Moto Express a domicilio",
    "status": "active",
    "shipping_company": {
      "id": 3,
      "name": "Motonorte"
    },
    "site_id": "MLA",
    "tracks_shipments": true,
    "tracking_url": "https://myaccount.mercadolibre.com.ar/purchases/#{orderId}/shipments/#{shipmentId}/detail",
    "courier_tracking_url": "http://tracker.motonorte.com.ar/ml/index.php?tracking=#{trackingNumber}",
    "picking_type": null,
    "shipping_mode": "me2",
    "carrier_pickup": false
  }
]