{"CL-AP":["Arica","Camarones","General Lagos","Putre"],"CL-TA":["Alto Hospicio","Camiña","Colchane","Huara","Iquique","Pica","Pozo Almonte"],"CL-AN":["Antofagasta","Calama","María Elena","Mejillones","Ollagüe","San Pedro de Atacama","Sierra Gorda","Taltal","Tocopilla"],"CL-AT":["Alto del Carmen","Caldera","Chañaral","Copiapó","Diego de Almagro","Freirina","Huasco","Tierra Amarilla","Vallenar"],"CL-CO":["Andacollo","Canela","Combarbalá","Coquimbo","Illapel","La Higuera","La Serena","Los Vilos","Monte Patria","Ovalle","Paiguano","Punitaqui","Río Hurtado","Salamanca","Vicuña"],"CL-VS":["Algarrobo","Cabildo","Calle Larga","Cartagena","Casablanca","Catemu","Concón","El Quisco","El Tabo","Hijuelas","Isla de Pascua","Juan Fernández","La Calera","La Cruz","La Ligua","Limache","Llaillay","Los Andes","Nogales","Olmué","Panquehue","Papudo","Petorca","Puchuncaví","Putaendo","Quillota","Quilpué","Quintero","Riconada","San Antonio","San Esteban","San Felipe","Santa María","Santo Domingo","Valparaíso","Villa Alemana","Viña del Mar","Zapallar"],"CL-LI":["Chimbarongo","Chépica","Codegua","Coinco","Coltauco","Doñihue","Graneros","La Estrella","Las Cabras","Litueche","Lolol","Machalí","Malloa","Marichihue","Mostazal","Nancagua","Navidad","Olivar","Palmilla","Paredones","Peralillo","Peumo","Pichidegua","Pichilemu","Placilla","Pumanque","Quinta de Tilcoco","Rancagua","Rengo","Requínoa","San Fernando","San Vicente","Santa Cruz"],"CL-ML":["Cauquenes","Chanco","Colbún","Constitución","Curepto","Curicó","Empedrado","Hualañé","Licantén","Linares","Longaví","Maule","Molina","Parral","Pelarco","Pelluhue","Pencahue","Rauco","Retiro","Romeral","Río Claro","Sagrada Familia","San Clemente","San Javier","San Rafael","Talca","Teno","Vichuquén","Villa Alegre","Yerbas Buenas"],"CL-NB":["Bulnes","Chillán","Chillán Viejo","Cobquecura","Coelemu","Coihueco","El Carmen","Ninhue","Pemuco","Pinto","Portezuelo","Quillón","Quirihue","Ránqui","San Carlos","San Fabián","San Ignacio","San Nico","Treguaco","Yungay","Ñiquén"],"CL-BI":["Alto Biobío","Antuco","Arauco","Cabrero","Cañete","Chiguayante","Concepción","Contulmo","Coronel","Curanilahue","Florida","Hualpén","Hualqui","Laja","Lebu","Los Álamos","Los Ángeles","Lota","Mulchén","Nacimiento","Negrete","Penco","Quilaco","Quilleco","San Pedro de la Paz","San Rosendo","Santa Bárbara","Santa Juana","Talcahuano","Tirúa","Tomé","Tucapel","Yumbel"],"CL-AR":["Angol","Carahue","Cholchol","Collipulli","Cunco","Curacautín","Curarrehue","Ercilla","Freire","Galvarino","Gorbea","Lautaro","Loncoche","Lonquimay","Los Sauces","Lumaco","Melipeuco","Nueva Imperial","Padre Las Casas","Perquenco","Pitrufquén","Pucón","Purén","Renaico","Saavedra","Temuco","Teodoro Schmidt","Toltén","Traiguén","Victoria","Vilcún","Villarrica"],"CL-LR":["Corral","Futrono","La Unión","Lago Ranco","Lanco","Los Lagos","Mariquina","Máfil","Paillaco","Panguipulli","Río Bueno","Valdivia"],"CL-LL":["Ancud","Calbuco","Castro","Chaitén","Chonchi","Cochamó","Curaco de Vélez","Dalcahue","Fresia","Frutillar","Futaleufú","Hualaihué","Llanquihue","Los Muermos","Maullín","Osorno","Palena","Puerto Montt","Puerto Octay","Puerto Varas","Puqueldón","Purranque","Puyehue","Queilén","Quellón","Quemchi","Quinchao","Río Negro","San Juan de la Costa","San Pablo"],"CL-AI":["Aisén","Chile Chico","Cisnes","Cochrane","Coihaique","Guaitecas","Lago Verde","O'Higgins","Río Ibáñez","Tortel"],"CL-MA":["Antártica","Cabo de Hornos","Laguna Blanca","Natales","Porvenir","Primavera","Punta Arenas","Río Verde","San Gregorio","Timaukel","Torres del Paine"],"CL-RM":["Alhué","Buin","Calera de Tango","Cerrillos","Cerro Navia","Colina","Conchalí","Curacaví","El Bosque","El Monte","Estación Central","Huechuraba","Independencia","Isla de Maipo","La Cisterna","La Florida","La Granja","La Pintana","La Reina","Lampa","Las Condes","Lo Barnechea","Lo Espejo","Lo Prado","Macul","Maipú","María Pinto","Melipilla","Padre Hurtado","Paine","Pedro Aguirre Cerda","Peñaflor","Peñalolén","Pirque","Providencia","Pudahuel","Puente Alto","Quilicura","Quinta Normal","Recoleta","Renca","San Bernardo","San Joaquín","San José de Maipo","San Miguel","San Pedro","San Ramón","Santiago","Talagante","Tiltil","Vitacura","Ñuñoa"]}