<?xml version="1.0" encoding="utf-8"?>
<database name="default" defaultIdMethod="native" defaultPhpNamingMethod="underscore">
  <table name="shops" idMethod="native" phpName="Shops">
    <column name="id" phpName="Id" type="INTEGER" primaryKey="true" autoIncrement="true" required="true"/>
    <column name="name" phpName="Name" type="VARCHAR" size="255" required="true"/>
    <column name="ipn" phpName="Ipn" type="VARCHAR" size="255" required="true"/>
    <column name="secret" phpName="Secret" type="VARCHAR" size="255" required="true"/>
    <vendor type="mysql">
      <parameter name="Engine" value="InnoDB"/>
    </vendor>
  </table>
  <table name="users" idMethod="native" phpName="Users">
    <column name="id" phpName="Id" type="INTEGER" primaryKey="true" autoIncrement="true" required="true"/>
    <column name="id_shop" phpName="IdShop" type="INTEGER" required="true"/>
    <column name="chatid" phpName="Chatid" type="VARCHAR" size="255" required="true"/>
    <column name="fromid" phpName="Fromid" type="VARCHAR" size="255" required="true"/>
    <column name="lang" phpName="Lang" type="VARCHAR" size="2" required="true"/>
    <foreign-key foreignTable="shops" name="users_ibfk_1" onDelete="CASCADE" onUpdate="CASCADE">
      <reference local="id_shop" foreign="id"/>
    </foreign-key>
    <index name="id_shop">
      <index-column name="id_shop"/>
    </index>
    <index name="chatid">
      <index-column name="chatid"/>
    </index>
    <index name="from">
      <index-column name="fromid"/>
    </index>
    <vendor type="mysql">
      <parameter name="Engine" value="InnoDB"/>
    </vendor>
  </table>
</database>