<?xml version="1.0" encoding="UTF-8" ?>
<module>
    <name>mptoolspro</name>
    <displayName><![CDATA[ MercadoPago Tools Pro]]></displayName>
    <version><![CDATA[5.1.7]]></version>
    <description><![CDATA[Herramientas de la plataforma de MercadoPago para todos los paises]]></description>
    <author><![CDATA[Kijam]]></author>
    <tab><![CDATA[payments_gateways]]></tab>
    <is_configurable>1</is_configurable>
    <need_instance>1</need_instance>
	<limited_countries>ar</limited_countries>
</module>